PC1,PC2,PC3,PC4,PC5,PC6,PC7,PC8,PC9,PC10,PC11,PC12,PC13,PC14,PC15,PC16,PC17,PC18,PC19
1.955928649153193,1.5550807869698329,-0.6730708359593578,0.13416195621483185,0.4503825695954877,1.7840050510459946,1.5958329045808848,-0.07798561507380479,0.047148944190587426,1.29978461077727,-2.2610958582180887,-1.0061280553897094,-0.4576863229796972,-0.4930128766845656,-0.009698750131181169,-0.957991269041579,-0.5136773782379442,-0.20828984446918913,0.11068768862280515
0.5251999371302715,1.215520975427835,-0.3905141808344876,1.0206294355953267,0.556012150253935,-0.6955040983003911,0.9838443945096503,-0.23100324099380184,-0.5567904896746724,0.35603878649365855,-0.11586857215198264,-1.6913323351856335,0.7637765552270467,-0.08176516065309204,-0.2913855365259617,-0.718717510794469,-0.7757560662545288,-1.4087457840877673,-0.5313485384410133
1.1409139482679784,-0.4528554979013411,0.11112569099935315,1.8179708207718868,0.25853502237040876,-0.3561342908036323,-1.5496887909581767,-1.7163913542810247,-1.0558043984356835,-0.1407187890090418,0.49085798291765886,-0.6860683480486135,1.399743021687244,-0.0931222375187643,-0.05373219722298172,-0.38416132586155755,0.09044400645340663,-0.11561364321733644,-0.7683770124342706
3.0920306750730298,-0.3586021514702416,0.33840938429891,0.0324628629976978,-1.3244198840530235,0.21926708749684556,-0.5602661525541172,0.6768829205881607,0.9230043224000494,0.5604795946311658,0.9574240295676858,0.493025078609309,-0.45344088566811735,-0.4436446462467497,0.6147025989708588,-0.21515765459988698,-0.2967353763172996,-0.4133375619805987,0.4750597250094928
1.87472500544125,-1.1702179908128914,0.10638792998732897,-0.7930186447708207,1.2283341453393244,-0.041515315712270115,-0.6531386621130898,0.5208533994218557,-0.19077146840829626,0.06286983839465601,0.1457526455193785,-0.5734537831763558,-0.37074579334009067,0.046964785457588185,0.4917161183120608,-0.45806119068202156,-0.3434280980503226,0.04645411607798032,0.29459868381718696
2.386698883218335,-1.092484712577135,-0.32438099728038144,-0.663529691464629,-0.15003905440766366,0.06580783559586298,0.1386356044250687,-0.1615451093591863,-0.4420249217532083,0.35942158493681264,0.20258902686027844,-0.4704827956467744,0.27444744471192445,-0.11579331572197242,0.364304247308871,-0.008295145827204932,0.03412219161367342,-0.020918028349182285,0.2588620662600372
-0.8994119833775345,0.3748590834603961,0.4268387099900266,-0.22185065187229297,0.4624407253100502,0.14570831912958623,0.8251304826914272,-1.8650278684013883,0.8613398602892227,-1.3838891877210364,0.74610371719044,0.027321564111117507,0.311081780243903,0.042248473040687635,1.9230417139362181,-0.42887993105632777,0.2449901324760054,-0.2827972629979496,-1.5061590673340532
2.0738806260870826,-1.3192092258043826,-0.1900580357685386,-1.0142965232188408,0.3132115531733011,0.36998358338931836,0.1903629159275665,0.6539692599676854,-0.2284007577331478,0.0235626392967805,0.08868817516654055,-0.78035363211687,-0.2293487446029771,0.03149903201698956,0.33618831678504135,-0.0325061217514547,0.059954782244046094,-0.3328436328870618,0.4279200032310176
1.2903293067652832,0.23708143013309352,-0.42095736155956454,-0.40822629346161515,-0.2580253901747784,-0.008443402157869418,-0.9347999395004458,-0.11014155848040602,-0.8566403243355639,-0.5526298486161808,0.5611475497253319,-0.6826982395777147,-0.0636831476502149,0.8953549264968168,-0.9777574815748643,0.40355301726150794,0.6641182206174325,0.2125802415488773,-0.6694131546816329
1.9898103948026409,-1.2423007622539977,-0.1076691152896548,-0.7893589246291732,0.6256044314242372,0.18552246497107885,-0.18182208504770775,0.498330272894741,-0.24055581991780164,0.05619928221237754,0.11070821361738378,-0.7131099371549543,-0.1586260553370885,-0.007741608590627242,0.41343293897222044,-0.19671558176142317,-0.07329410161078316,-0.12403047969735405,0.3372535925329474
2.221586770128655,2.587786649718356,-0.8421114485422654,0.3022364226517625,-1.2005322981210658,-1.0538265871824086,0.3959418476020343,1.058352403798423,1.2917249210872659,1.3940041799538305,0.524585075549781,-0.4360765354470191,-0.2846739197329926,-0.3625245051638487,0.0356662687449137,-0.294395884043287,-0.6424164105355188,0.5241698879745236,-0.15356565503209535
0.4092334886914296,0.8884301000035236,0.38119399139061977,0.01975233810059709,-0.4748141697594126,0.1389626928433959,-2.4597620895930685,1.2734564703427287,0.770196870794528,-0.4990544690449415,1.0035299286988981,0.22369781219706247,-1.9825937301922887,1.1965052937195628,1.056845299164952,0.4090787136947185,-0.12252025118443337,-0.8869744922957886,0.04368354017188598
1.286994052352235,0.7230563882009237,0.09020215610348195,0.8776842081397033,-1.1287336389670322,0.4628515043424287,-1.6848006153530255,1.0857054918075228,0.4859961811379383,-0.3215947335359361,1.4220121907388004,-0.3178946453828926,-0.47696153354798576,0.3280972193677221,-0.5318718301796637,0.3076006224412275,0.6619879359812834,-0.38611906630413817,-0.40576276541776346
1.596897284651889,0.17160093021490336,0.2505608393103135,-1.3488659546917883,-0.011432884901049623,-0.5761284323154329,-1.1446967880576069,-0.678075413183731,0.15992627990906944,0.18854508108593807,0.4002122965113406,-0.36962176408192643,-1.276889053106382,1.1885454986344155,-1.3166501948438103,0.7321407744010192,0.236993588743723,0.5132274584694281,-0.6258261584282293
1.9087739051131725,0.05362971191264759,0.32909782882638855,1.4941466650060051,-0.0738030560956679,0.18279304250738065,0.20357140798144702,1.2526545526764319,1.288145686759328,0.6564312346440312,0.8963623621645661,0.0882595058300636,0.5891719008568868,-0.35315760481012715,0.9405016694134396,0.12794537830388697,-0.5330630011394955,0.10368460803324886,-0.38171781814685374
-1.6978553786938975,-1.1380454154184803,2.837187472699877,0.6722510745782795,-0.8766650598186829,0.1914206341881342,1.5919440768899729,0.34027228772265994,-0.7283771797589375,0.07541327921082286,0.22480815036145047,-1.1363206754699195,-0.8844846259403032,-0.3135208139223386,0.23239975960298206,-0.9638953618560059,0.16286054739674732,0.38606232299847265,-0.6588237374957816
1.2440020859032743,-0.5257290736981155,0.22716630735621354,1.03694623301466,0.3405302525889316,-0.25043083468474225,-1.3739012042318355,-1.4151426938452518,-0.6564981377260513,-0.2096555269153553,0.33271008853054534,-0.7498606685390071,1.0490947783663587,0.0026579213809269082,-0.36323884277707735,-0.005464048599047328,-0.1515931922169928,-0.11844978507801439,-0.843160409623121
0.9522303309085838,0.6728354650967293,0.30602289224219914,0.4805220533512585,0.7184691190698917,-0.6324027909048703,-0.013243755646926165,0.15862846943439712,-0.3573383938748552,-0.213579602098482,0.44838852336389623,-0.10918778677069754,-0.9932352798819782,1.8551357122916579,-0.45611714513991225,-0.2628100460017068,0.5612635058081801,0.2863593937693635,-0.6793254829007781
2.226958297708745,-1.270861029476896,-0.5833104297754128,-0.3826553678101157,-0.2993808666533201,-0.9346687377804509,-0.018881321050742778,-0.501571110739973,-0.32894444730033945,0.4868363050047909,-0.5531150754677021,1.1102163141907906,-0.14144274843668575,-0.6627619206362446,-0.08404708104211314,-0.14338610635563592,0.4314240456307771,-0.15286040107329749,0.4881275192929318
2.0264078509965153,2.395880553999291,-0.8590469117681636,0.8430083380921616,-1.1776346746931827,-0.7159238588319948,0.30223664206906464,1.6440191645771938,1.3063184490755246,0.5922721503397954,0.14302334303654782,-0.8783431421120494,-0.3678559653674645,-0.24443308538880718,0.1382277545429963,-0.6587802603117452,-0.227635281171662,0.3747536077414316,-0.0002628302463325502
2.4643396530670283,0.7477065141819095,0.8232687141766247,0.24739532837963918,-1.226513756436116,3.165216447013573,-0.731764604865344,0.10075177516681567,0.6714131789898821,0.40401906062472126,-0.4124737512946491,0.706656290748067,-1.160784102743303,-0.20365266703286608,-0.7794616188064611,0.15434569636885817,-0.15100209536027953,-1.217116930888154,-0.27483851914588836
-1.8937026908017114,2.1632057469024746,-0.1561313190565329,-2.288074783950819,-0.5299208728238325,0.27014585703760136,-0.06575105507406184,-0.35273795199877134,0.5189981160365169,-2.3201972263891215,0.06262949689008115,-1.90683789223324,-0.33594903322004804,-0.6710908252231027,0.4255071409305131,-0.5752368418016336,0.33610349856219657,-0.010398513669580658,0.6035103823610605
2.772033041589374,-0.9115767276083596,-0.29540144675437646,-1.1985160447185375,-0.455256470152581,-0.2458269216014086,0.4642354216393503,-0.7013099517250472,-0.6263238371545412,1.087826650099801,0.597966823037915,0.1294456984603838,0.09622166782445654,-0.06634914696281015,0.35860524505412844,0.0993079138598139,-0.18262660122579819,-0.11904522606664174,0.3500075084690112
2.4499496914610175,-1.1772565636236665,-0.016170411544549568,0.029033156878193658,0.06984454230625584,-0.012471115667415083,-0.7420268661317042,-0.1386134626488251,0.2948912749893455,-0.7160321117912719,-0.774543709496193,-0.957561962649169,0.15730749696397445,0.025938539484152406,0.14544423521883404,-0.28846332685148096,0.11210019930349825,0.7192447888098135,-0.026853684139536614
3.153849745426626,1.0247447943648877,0.48163999107914945,0.7414836332711531,-0.725503483609456,2.680473573165313,0.7847206391081843,0.7917852551373186,1.0921534459687272,0.9132097267155742,-0.8575491219319791,1.2887243099263601,-0.7843866469691012,-0.07296073993277348,0.38707154475930977,-0.26388071620259723,-0.3606210620740293,0.14828917521149765,-0.19231196841080644
1.2101286853178967,0.3110967263228709,1.413713482340654,-0.5717243567655982,-0.2542037093782241,-0.3064996243579995,1.8113290276829628,-0.6506485912074628,-0.926770989028031,0.4809428047175591,0.8170017893443984,0.6558392662951815,0.3019100699872634,1.0352961612988887,-0.614744059659264,0.4987281229571645,-0.7811099798753963,-0.48109733228864243,0.7790279587560165
-0.7722695521880772,2.231595850288952,1.8690500440284057,0.5528542095960294,-1.7471144697773313,-0.030425692252083938,-0.3959243671367337,0.6954565996396056,0.43598129057447543,-0.5314233495187426,0.9128390581780544,0.6865046994948202,0.5730797707347688,0.5082103118254941,1.6065021948442681,0.2717422805427136,0.7491042109812233,0.32067055612012957,-0.3477824291827249
-1.3339972759414844,0.8649191145472055,-1.1683161266544646,1.1791072578936477,0.8609901229136563,3.0519126359556763,-1.613850135880106,-0.1410998503990255,-1.7561327388711347,0.5751051273466246,-0.403273167550735,-0.9675181140948865,0.1264808663861356,0.3499855554189827,1.1045000785748638,0.8207605667185086,1.0534692623324793,-0.5543554334078379,-0.4135606652736826
0.8699023996326977,2.417580387271044,-0.785131287693228,0.8200487691436263,-0.29563973642000596,-1.8113491360974574,0.5235004696664743,-1.4979219555155643,-0.7836911503540467,1.7289013976872507,0.5973509719016149,-0.786294743114154,0.10851743882793767,0.5071203294323551,-0.5585909078946769,-0.5300743908261818,-0.11715892657510428,-0.124784303944314,-0.579870004529499
1.146434628392502,0.9102883691605359,1.9432960352111606,1.8231670894338456,-0.6855612885336803,0.1394012153349604,-0.3367508764169704,0.47894959359445577,1.0990115323507088,-0.8477205832754984,0.4819971781775306,0.25523903057964464,0.9100866588883708,0.22235433273721872,-0.5672758565116244,0.3935065037976683,-1.0204531994176105,0.3367849066927131,0.0958281942130873
-1.1283869161831745,1.4933914057890596,0.5197839893411842,0.4723770270297347,0.8680024185104757,1.1397291346677643,-0.1730704500159572,3.0237417427786,0.23640446677079843,-0.24054609272316402,2.0581110948331713,-0.7878126357200982,1.7564218329872512,-0.14481299699725575,-0.8578726570400574,1.9871818978543918,-0.8140339434339743,0.35577662603376264,-0.3961518407828788
0.24709981052763128,0.19050216060773684,1.3657016405062845,1.6396440862000947,0.5553965756914817,-0.3292723994837013,0.3809739490794796,-0.820564724015909,-0.7372049113744461,-0.209159279391469,0.33269441468986455,-0.32566490746032545,1.3612067789127131,0.5811703989329904,-0.2888160910360031,0.0920942526960228,-0.4209378786814642,0.3343555394833,0.334552783617574
1.4552906144853905,1.8229614879829021,2.7402566565739357,-0.6594383376661666,-1.242913122604971,2.6587186833999294,-1.2232316504271572,-0.5542292912526343,0.3818329947821563,0.08329954013678707,-0.4165331935699738,1.310809859303883,0.5716652115586841,-1.280881960382047,-0.5460078177109308,-0.4418885698414254,-0.18677994290587233,0.3711604197764314,-0.5198007098333185
1.4945398906133727,1.0460605835649748,-0.9585681166188108,-0.1857105048873962,0.7768635366820545,2.6242081015287266,1.195921929851226,1.0360619161314646,-0.8711883938976658,0.9358118295999629,-0.8362607327657442,0.09279478110584927,-0.39881838773365486,0.6653490958249366,0.056970094163675135,0.14025422759653997,0.8408570555653557,0.9886015595821713,-0.35080561789047343
1.9523361848765304,-0.6475480760619835,0.58243901928084,-0.42180912851149616,-0.1243377716505204,-0.16720327952410916,-0.5450497571528217,-0.922685880611855,-0.3633441966944227,-0.28612882842847764,0.19006975650131994,-0.2802631758973346,-0.45213898084257,0.6554061925866232,-0.6176726637391501,-0.07525458099165114,-0.16173573702608543,-0.7517445828605176,-0.2893108115494991
1.1769350269425356,-0.4646331248508569,-0.008925179334529463,-0.25437551638046557,-0.8860302563688746,0.10179673584845485,-0.7463675132999547,-1.0291377477188406,-0.4840989149130035,-1.0143919925688893,-0.5074262480253668,-0.38438838548374415,-0.14677913931589873,0.9841521198863431,0.8145611182261249,0.6388525995328728,-0.31359325947807853,-1.049091003458828,-0.278713716584674
-0.3602073934608748,0.18159998252981327,1.2707846764582686,-3.2075843873965675,0.789835004844928,0.7335724129901448,0.8460758940790434,-0.8990522927029698,-0.27641368140109934,-1.0117040360876142,2.2181189994338224,0.3144298153192703,0.6791315247148944,-1.1020344515112048,-0.36022414417995907,-0.27567945116655457,-0.5153031921280598,-0.20293634839325606,0.09162828321075947
-2.108726953207852,3.5476720828156707,-0.013164642904054235,-2.1905605456099684,0.16677164633172747,2.4323878042887186,1.731201751803991,-0.8768208492574825,0.6006063719365954,-0.22624169970808627,-0.8054994003421044,-0.7406552813605991,-0.7786923457786059,-0.5492494501827972,0.32149789688742025,-0.010629435524048587,0.040130241797246086,0.20834707583064224,0.0787162297131023
2.4700792094820647,-0.3051192530349745,-0.10380908630334944,-0.005485350563581866,0.041148457582927636,-0.6729673399327727,1.4847129900648945,-0.739152963447227,-0.3453602745455765,1.2830933044652146,0.446403479632574,0.45415469663206653,0.5310135432851021,0.41749642762526024,0.6636050071464421,0.035203644938837333,-0.36576467204633106,0.37794533711922296,-0.2334597364250643
-3.0720627154207403,-0.22074261317737026,-1.6096353639070848,0.8307167859641561,-0.8233050855193526,-0.026154722743132585,-0.3189516881445137,-0.9082133473710534,-2.5475663623566605,-0.8847800761844544,1.848599726792851,0.9780073733441789,-0.20861548375482913,-1.224462215747723,0.4815991203729199,0.15618597279830126,-0.7817611622782179,0.951748121089127,0.47033684243526735
1.7808380117625295,-0.1885866508454065,0.42304706279151794,2.5987964223954694,-0.08696403933944952,0.5178540771994421,-0.35476689499021935,1.808235051232861,1.6734426706142422,-0.8460362796089227,-0.0928660956608828,-0.6802955278222228,0.5646607021096329,-0.17484197379032834,0.9313927350011791,-0.4162331601335158,0.03258878343179893,0.3853415444100057,-0.39526903340906694
1.9983729150556282,-1.7651997612667008,0.23104374625883448,-1.187201346448256,-0.2510167255460393,0.08748943275905499,0.10637508815048892,-0.5745160416282101,1.773916441577404,1.0242846893418183,-0.6068802592738587,-1.6132822218880578,-0.5834643712074736,-0.20156728158096235,-0.4222540171092512,1.5451051071070074,0.17041569554129474,0.49262247910246393,0.013065916726448345
2.556033254315539,-1.2177611058667084,0.12804464332222376,-0.47584462804146993,0.014283482841819723,-0.10408330029032178,-0.3876854160301709,-0.14553713464344062,0.24980650785417655,-0.22481510996661386,-0.4820799448830068,-0.6427702391920558,-0.44909406388814455,0.20762665874129027,0.2205573672404248,-0.33327289076070676,0.11056449556666673,0.32771143587946167,0.3002387548931063
2.0212291411311525,0.33602831420830087,0.4783310112926019,0.7634192639483787,-0.10245728255627114,-0.9370535140689075,0.6650058390269612,-1.8552395817369287,-0.6653826800825959,0.630393430699068,0.5601900665239226,0.6622583716509388,0.7289013862689748,0.8854133497940712,-0.24695281913024597,0.019326113614619528,-0.5951232677373369,-0.0774752738712573,-1.0796022003166676
1.855095380629918,-1.3067984719339687,-0.17541505301579796,-0.5330670470858769,0.4734898851921124,0.19236718011274737,-0.14640076568500057,0.2604645537262294,-0.15004263724695757,0.29666777019400925,0.14305173112069328,-0.8847561091546464,0.0483945018875399,-0.14743525333458093,0.42209537981996265,0.009033801090883049,0.06841792811881182,-0.07618488304042224,0.2958072646165122
1.267709030997323,-0.42890465560133323,1.5057619961598048,-0.7666598197796675,-0.16642539643246862,0.14804092144799827,-0.34096382793848823,-0.3113197351679956,-0.5248749485883999,-1.0271485423168176,-0.03950894160302408,-0.3823779964548805,-0.0971641478923361,0.6222163089022675,-1.0385897053453212,0.15131051863708628,-0.49106783771107015,-0.2177134290786687,1.0333793296787641
0.8683074114867148,0.4290445361013677,-0.8978583088429359,0.03906256772172434,-0.04562019437064159,-0.40656009046798086,0.3925845209561565,0.557448313996576,-0.2378914052450987,-0.07496159062076493,-0.31565769434820096,-0.14535082465409158,-0.5388070942500742,1.611602828455475,1.8584851414733192,0.4832307782258623,0.4512214762967416,0.8150678914002984,-0.04015834511884751
-1.2457698286106973,0.9848374986056603,1.158745700186891,-1.2317240834302314,3.349683052253868,2.7211045794782383,-1.7493912780270804,1.4974635446174465,-1.338043833899457,0.6301245793204302,0.22415720517766805,-0.31714434374417794,-1.5116492201584113,0.5257942749993574,-0.9222470677477999,0.021557618476889414,-0.2814175986363846,0.1856977664883548,1.0254554412120418
1.9811846769413761,-0.33431142040095385,-0.8512804170246053,-0.2851839282706836,0.5534397552258843,0.032111130313308534,1.9349810927748154,-1.1978547137282185,0.7554376184967587,-0.4320881525524593,1.0821751827382529,0.44466120737246045,-0.0996310526179802,0.05032530652156169,0.5379741413859497,-0.4952997804209555,-0.46864605398252157,0.7504606284846809,0.022908579454621394
0.1372007708254294,1.084361292394287,2.180267749255222,-1.1846841704089974,-1.773280250291495,0.4362303645551204,-1.0844665106787894,0.17781524213097297,0.21569940565830195,-0.6798365457184424,0.9248538204829386,0.7963449852032873,1.0647199338081292,-0.6846199013284382,1.3779109984922044,0.4624888431795184,-0.6357834180347968,-0.7421525083671807,-0.12515043707410273
1.9766073346168909,-0.6557072550337998,0.03924227952180814,0.47584881918008276,0.5620956923747049,-0.20720512337607983,1.0634405935729663,0.2584517334304809,0.13376893681026822,0.13104002240616092,-0.24719314153241573,-0.40215726668434115,0.27316749128532153,0.5403306975631442,0.6183769194906651,-0.19723889135389733,-0.04625753880818311,0.39727174706467905,-0.21266679742858996
2.2101000570766494,-1.2127545706300218,-0.291513801238551,-0.1332934531984576,-0.12959615777268418,0.13542788167615616,-0.10401294752807827,-0.13865182485719102,-0.23349174460441197,0.06846134562856715,-0.07725872195119139,-0.8194806619657319,0.34658096647715425,-0.1442367584268558,0.38805863121525963,-0.08555090785074636,0.26956797177540653,0.1217346791496,0.2295368779014901
2.2393702951946803,-0.877886418921425,-0.10202801427445117,-0.5555622140450528,0.8668466497126016,-0.24001101023355206,-0.7794682691420682,-0.042700324389733056,-0.46578090656738497,0.013420791532825356,0.13639957286905505,-0.2989234419125879,0.3267952267103498,-0.11314818509155132,0.42677336192779264,-0.435557190105064,-0.5145538069316422,0.4638064712090415,-0.028183972642044124
1.4324121428410013,1.2099426710163967,-0.8438241915097925,-0.22241709405886279,-1.2915493269810532,0.39218686041004164,-0.5775481745303773,-0.9909125639317663,0.8864615350087932,0.05326010671065908,3.2854450189337094,1.0075309655917437,-0.7648673668674981,-0.2791419310483597,-0.5565020054554605,0.241015679013683,0.016067121729993306,-0.08819845670339067,-0.16005307980602287
2.0762902861675507,-0.6821719218990814,0.5700711909023157,-0.548917332581884,-0.35073795239051897,-0.08862885577567177,-0.3033071383487562,-0.8296031548660738,-0.41195832371405966,-0.3342187304639247,0.17994682205177934,-0.23057675301399508,-0.6236868960398128,0.7538424043122245,-0.6185432331513976,-0.11661937940786275,-0.044041679892114334,-0.9364091216369963,-0.15001010179216076
0.060166350099208316,0.31094415441429174,2.5248999464494197,-0.385634014190837,-0.1393554721685389,-0.06153512520289426,1.2907230844100461,-0.20820481219428952,-0.316899069389694,-0.5985240826519972,0.07569351186936972,-0.19551498608582885,0.897395923547131,0.28398465407199275,0.06946428812768413,-0.5326642289720035,0.6642736101817102,-0.08918527974101642,-0.2629682115239043
1.6607420696549475,-0.7751180270840912,0.0557096475831306,0.1426366427212845,0.8905895721444304,-0.07785975522514976,1.1795035672947598,0.5607239560044729,0.2333115508841054,0.3884142634376944,-0.05883424745994015,-0.5547922376004192,0.14134873949009888,0.4759685015581033,0.6039097371095109,0.05648164620118779,-0.13539050646065123,0.19679035139242415,-0.17560601138195225
2.690300402256901,-0.6455324079886979,0.2824632641670475,0.5356911429786886,-1.2116436877437369,0.6712723218832506,-0.6777696810653844,1.3294204295871646,1.1948022102408395,-0.2061162570454011,0.49582048983189253,-0.25110843195299026,-0.36563174548073923,-0.4662021869654622,0.5846177297186608,-0.2213028691625715,0.08819537992494188,-0.4547664540983765,0.4698731797932139
0.7498629240052046,2.8672126726043934,0.33597101428152043,1.1507742028826322,-1.6460957142506643,-0.8846555208217398,-1.8366066150122284,-0.22040164578836338,0.12624792419194383,0.4701799819392582,0.9820513189957979,-0.8100901222337142,0.6014750746814259,-0.8230219688625783,-1.0287590356235454,-0.3597505928116351,-0.6488392425699584,0.2964956273303931,0.9000755548495439
0.06735478299334047,0.9953953973138404,0.6866871881034518,0.9584739579363284,1.1191847702737603,2.8152119884587465,1.2730830038447585,-1.9189207568265971,0.04264732668639365,-0.5296827219038671,-0.04516253707136695,0.6109949030758929,-0.29195996384238937,0.05453407046519733,-0.6365694713195417,-0.48738470023273706,-0.36831474493326083,0.5557558501561486,0.7933521927129076
3.292540622017219,-0.7859044199527346,0.08860865399044988,-0.887463818465244,-0.589067246081833,-0.724205796298237,-0.08145209631177044,-1.2858114310920714,-0.2685666602173393,0.7878641289825072,0.11098343786516758,0.42776293395944875,-0.37614839658806304,0.2285861893916085,0.2991892088495064,-0.38834036545764217,-0.21245642207290838,0.38501769534684016,0.3406739273769038
2.5500918807696573,-0.9163609340797281,-0.2830920938768085,-1.1187228086327095,0.019286416822416993,-0.135978112952824,0.19445290458987957,-0.2616266992784934,-0.7066833748686067,0.7004952970220482,0.5389698175575947,-0.0010780422621192599,0.14264181885407726,-0.06437403852699232,0.41722735816677176,-0.10028178614952588,-0.28379066311665624,-0.10371060755424452,0.29602464235159587
-3.150482200634395,-1.313539150947381,0.945539118331769,-2.0003748627153994,-0.38463941905804017,1.5762698259534456,-0.6371728623258668,0.7449159794439246,0.935595791263493,-0.011879782787877463,-0.2571974851586922,-1.6912313460579942,2.6231259280441073,0.7055340681784648,0.5136021750643496,0.28210697479407715,-0.05541337903649774,-0.8637764314392805,-0.10132859141694092
-0.12979084865717505,1.3941833507827477,-2.545344858090905,0.2465062683027311,0.9978373938914757,0.21839081931229634,1.8361644907661023,0.9518374749623876,0.33790286947001164,-0.6753570292737168,0.8799988241975858,-2.117555314814466,-0.10602836314746408,-0.5256370110579266,0.3471363502960009,-1.0993648200710777,0.3891787461113242,0.23199847426064413,0.48979489248346003
0.5499620158184423,-0.44535415496854924,1.0878999942090168,0.4815660745029315,-0.16339442771926813,0.16586344329545483,-0.348807114546751,-0.7770079079183424,-1.246478466347413,-0.22424819687477798,0.6754881724838214,-0.5752128856859411,0.8892932042935632,0.11490617098606584,-0.46745745586803383,0.09225169832662873,-0.05323063101975692,-0.44868543638617114,1.1100819509948425
2.356864756201763,-1.1838177071405067,-0.32225438535810436,-0.897611733447349,-0.02623004898121884,0.3370402918816974,0.14227582838711356,0.3915769592998896,-0.24256233526775037,-0.22705929833317187,-0.11400517132173585,-0.7464472553927338,0.19856876000535764,-0.04445731449074711,0.18411183672490936,0.07196038616225744,-0.0006002404587335274,-0.013712469692487848,0.17819383679576137
1.4763306348549357,-0.7849833675228867,-0.03700819740590313,1.8708811849790996,0.45144323696431005,-0.33332677804280725,0.9653031843937898,-0.23020876732494022,-0.33963359667995796,0.729220082297165,0.18105721424745164,-0.49857161763196156,0.4318556924897257,0.40431131568065487,1.2757997251911424,-0.746387484643302,0.6641674190489595,0.05530946077968783,0.22142534962412272
-2.8225489593993536,-1.3757632929800827,2.100308610822722,0.029179344751481113,-1.5462903871836269,0.003727100682825471,-0.15892528240462525,-1.4856955388765485,-1.05053325691224,1.5621653588201543,0.7663428406199223,-1.2516356580601915,-0.30700935474657925,-1.1832460725090692,1.6047115153744826,0.5632437895993768,-0.3005919919832437,0.10992564484914277,-0.4296632553370832
1.7356043549422864,-0.939067427430108,0.48416363728655004,0.4957332685188233,-0.6418886815330694,0.11834602228731295,-0.45006335988371443,-0.926856674304344,-0.1440121326004362,-0.6145992436119405,-0.18668896828990725,-0.9050438699922626,-0.31810930767301643,0.6123483702686223,-0.5388015465999141,-0.09091219734289209,0.5618888197975082,-0.8295694511247489,-0.1422005625550456
0.41546179777889186,-0.10560577275021861,1.6552143706391862,1.0027657922517432,0.219072659312807,-0.21284340609851446,0.8775775896012323,-0.6121568829256143,-0.1511772089118832,-0.07618661384070775,0.11127066912808065,-0.43291156760260113,0.33874104524202386,0.9115087564095351,-0.480390498580275,0.30183645256061725,-0.17771865984363575,-0.038355914335847285,0.7093399118437718
2.5617586661235303,-1.2157881494542784,-0.1923823940209028,-0.9614102608564254,-0.21986826568160858,0.2700673063083777,0.1725965445136212,0.2927798074657251,-0.047067883165149337,-0.3033069392831885,-0.2974718396313478,-0.696394350094727,-0.1137348570991754,0.10355627116290282,0.11651334576758775,0.008553377339469249,0.07466229175212388,0.013416615263093058,0.26194945119241686
-1.4653137616816478,2.3120314000062208,0.21267685958199195,-0.6966422453035894,0.5373746503737773,-1.0110242275549572,0.22057483877775663,0.25669664606873716,0.14984059113669526,0.4189226340840726,-0.4633273985300254,-1.6226173620502797,-0.6638084876600454,0.9986181529996853,0.14165209424088435,0.953738896484039,-1.1036676480198964,-0.1196295996170828,0.847104187894871
0.1414971608034067,0.02975537357160444,2.9605740551785957,-0.9758821757931515,0.9540021715107392,-0.5655816471570275,-1.505347955836974,-0.7469403034980279,-0.35459521967497515,-0.7626120546202384,0.15062057323273162,-0.10939255373425012,0.23551370498661753,-0.16387227109965619,-0.010881411014975376,-1.2799022263930708,0.08384802563257661,0.3987157124617505,-0.03262872611695004
-0.3912022316889618,1.1362349422029092,1.8174993708493439,-0.6567916474123742,-0.35911652087052953,-0.125149794826245,0.9176130240642935,0.35436028159993094,-0.4348880847841431,-0.6042373561142769,0.3466696293883347,-0.4346624550863997,0.6349172800672152,0.7343973991590463,-0.37028520262942927,-0.06345725802822366,1.4823314572671364,0.8819377905449152,-0.4813867585727634
2.45894474246759,-0.8616505931728304,-0.0474172826342446,-0.4411453730193901,0.6147795524664756,-0.35460980811470566,-1.164616243888187,-0.5402179476903314,0.2974869377036922,-0.2849931583548026,-0.5105538067083111,-0.651653294778303,0.7179865983296227,-0.2662476806677644,-0.052487375244574204,0.1265736058305246,-0.6799006275651004,1.285728201388974,-0.5817960729259366
1.2738136962274527,0.6602121850955545,2.0286283513616667,1.233062152771737,-1.1349636746552323,0.393865919974173,0.4559261348105762,0.8679966752461367,1.1674360473370966,-0.6549074182060852,0.5742521660353141,0.28983990370382196,0.06562753221832181,0.5258238604331896,-0.557672105061545,0.4310029902977493,-0.6597067402967839,-0.38886628951273217,0.6346976690125942
-1.7750505945864874,1.7986892118617899,-1.9953305072607994,-0.3768304968679014,1.5991614806619046,-0.49331999674038307,-1.4368236646162027,-1.1202261268022442,-0.061340669854043066,-0.3090487368536568,1.419163653399049,-1.652853244330564,-0.7743385853733769,-0.3650815274034596,0.9082920338560873,-0.4317469363574853,-0.8507650825925817,-0.6088541681407593,0.1634536075044505
2.59259391285922,1.8698523750148488,-0.08988793209747545,1.051034421802041,-0.9229423449623212,2.25253112382871,0.25345515175880384,0.7642616630580864,0.7562035137290698,1.5742781222778865,-0.23066324198627053,1.3268160308253656,-1.2577401533528039,0.3955991674191815,0.3346360346599078,-0.20226454514244946,0.6785834763956549,0.9988202934517276,-0.11611745166172976
0.3198668324174565,2.2660110661564974,-0.9497607688539139,-0.14672134915403617,-0.7290062971682046,-1.0177361348571037,0.33503604548225324,-0.15731553795545963,0.12899849974272926,-0.5293731106946769,-1.1911867948887598,-1.4392746450450782,-0.7734637678108524,1.393968386420307,0.252729532309183,0.28219980811718953,-0.4098052467548097,-0.4370495687863608,-0.5536052415183736
2.857749404745515,-1.0293011537138035,-0.2090440932035865,-1.0322808407109472,-0.2626819847430498,0.13553823293390513,-0.10349126313253915,0.07237307424770696,0.06473184032999355,-0.6174629473223645,-0.5582229414352908,-0.5989893063499214,0.21124808658432787,0.05840988927012696,-0.10720518189714501,0.10032313866260473,-0.22127496866931837,0.496703785921336,-0.09266663716436571
0.9250082108707026,-0.07804450523304107,2.197198556116102,-2.1190114600363104,-1.0061941787600641,0.3917318231921363,0.26059364668101265,-0.289544558956317,-0.333050252655245,-1.3461263053374204,-0.23428248828097697,-0.47676876152563824,0.9595540453733411,-0.2633964469087023,-0.7709014566394734,0.014772854909610698,0.4187555530383953,0.005209206574954039,-0.23497132597177756
2.6960258493393408,-0.766431136210094,0.34450357679000504,-1.2879265201034602,0.8428147515741541,-0.8217870172093064,-0.5821249845582613,-0.597885265977033,-0.46536647223697275,0.9695561136800356,0.5692092879907565,0.5862939963187153,-0.8206763886362806,0.2736454064112917,0.5640563714214658,-0.7560943173727623,-0.7211937734559771,0.16862707799434695,0.43938969982196985
2.5640659487342745,-0.3165973790755739,-0.1323683216276677,-0.6480946490056249,0.10569513934018432,-0.45445498379169846,1.7957949674206266,-0.19272795481204624,-0.43654449506123466,1.0523971772628804,0.4781362504257571,0.5298193349127752,0.29553742334270644,0.5463760647885981,0.5619448573784155,0.08201958320507059,-0.5039601128539719,0.10173084284586363,-0.15528044102520097
-0.7803854253722666,0.9286806361826229,0.9936644845605326,2.017213803023581,1.7709085710769374,2.513192629148412,0.4383562213621601,-0.7897177883007523,-1.6671336466640023,1.386913878605391,-0.029579140199827193,-0.03266705540303018,1.4979964172664249,-0.2207220136492137,-0.07913582965465613,0.180516035007678,-0.30694295535824734,-0.0033428464938506258,0.3030064917625678
-1.0318025656250513,1.6605821916818706,0.2602311689962031,0.3590335078460119,0.9079687964750981,2.215948377250802,-2.18989177506732,-0.9876776860995132,-1.654524118503351,0.3906005014576367,-0.6818407243244701,0.09955735131605851,0.13195888600049077,0.5224167301285505,0.4654169466542845,0.7917992720134049,-0.16625669909943672,0.9652337990548147,0.5483310545952861
-0.3892019362783047,0.816464004137149,2.406138189075942,-0.6864708948316927,-0.19548633032972088,-0.2630326561979294,0.6790888093827432,0.44012209301695127,0.417432023616443,-0.7307367576275202,-0.15662640019931232,-0.6515382528519977,-0.6250437175144968,1.151738550258061,-0.4370615011694049,-0.3003132020031279,1.7395498689266469,0.8543619877774365,-0.12807062185682824
-1.8204508833822703,-0.9842052800668688,-0.7041255998916056,0.5768065535333373,0.417144887556808,0.621929300350004,1.022472725430989,-0.2175110281158427,1.3040186361805084,-1.3986969231577084,0.13147017631708172,0.9107041956524672,1.8376367226188777,0.8462091490433036,-1.5826548729481529,-1.2764580361272893,-0.47341096446720693,-0.0016287279440834249,0.8603240250349754
-4.331010121918432,-1.4200789706874197,0.03962339335798481,-1.8467360760742473,-2.1797374928162103,0.35704294335963727,-0.20610381022880067,1.0709197503192331,-0.8610128791928162,1.090002878315837,0.15808382618744796,0.32814096328021297,0.2432782205193103,0.2860359668104402,-0.0211755413383089,-0.4595579260358378,0.16616448417581764,0.09954691527557205,-0.2815800907108323
-3.9806321430077283,-0.7214400028434969,0.23943594559311981,-0.3983227616240578,-2.454405791724609,-0.10612906949167285,1.0474753099089453,0.901470492534165,-0.8502526419471734,0.7427823217277463,-0.2832148963189238,0.9870379341661579,0.3984982874740751,1.1136893650802864,0.3630943022887733,-1.123000745700052,0.3457310681286321,0.4692987745196682,-0.5789549893374752
-0.29955871344093354,2.629411581475539,0.7657380706447976,-1.0577623452413814,-1.0827510971326295,-1.9545953991433165,1.2640871829464762,-0.3233573121394229,-0.41280519123607157,0.08490193905405612,-0.9282874448605954,0.42263939649483684,0.3909770035138736,-0.6221522884273004,-1.262264394617793,-0.8011786592592018,0.9083406209203553,0.21365344389049118,-0.07596622177678279
-2.473964169624782,2.917801588090169,-2.963087159468541,0.5295127112021389,2.067436789081307,2.0204522218590197,0.3820099214160965,-0.016887683597727354,-0.49481529121149825,-0.6099908778210381,-0.9601641403552171,-0.01163332281197579,-0.12813993670279958,-1.0239500619666015,0.1686774294539923,-0.05227563836641363,-0.42760718422230254,-0.6249859160729501,-0.5882644197451882
-3.7963792645357812,-0.9834271156237938,0.4482709101492541,-0.9529593583617119,-0.31492990794389936,0.17074443254560026,1.1558924129428698,-1.6356214822516992,2.802398128322577,0.4910337664952311,-0.0032128289311423234,0.7549149843843906,1.2501664094434004,0.3372720520758619,0.3489018103031349,-0.09747928683609043,0.30571318015850313,-0.3003753006260428,0.23087374204422806
1.5651793649817032,-1.5072479762283337,-0.7476366686588252,-0.4652598019119465,0.31172540004656496,-0.36561716795534577,-0.061781098892874114,0.5212549475053889,-0.1996495160315746,-0.06026459575591657,-0.6787567953102901,0.3896614064372691,0.14742036487947052,-0.8470532246542783,-0.175809821455596,0.16999113577105196,0.4148969214163387,-0.29509673051857,0.3235296149964131
0.4531082592903905,-1.1753301193307013,-0.5563770290719385,1.5164796779481406,1.1240745564211114,-0.7657084771388718,1.0049790742216793,0.4233629481052926,-0.16120880824716272,0.9809903054363395,-0.24737423359560473,0.45312874666631964,0.4550812998396978,-0.5244853948461878,0.6845882378693954,-0.08861647636951528,0.7521750466897327,-0.35128579330277476,0.19704426984869317
-2.515456588736328,0.7257408724694264,-0.632433161012604,1.3519708871174976,1.138193772069603,-0.42871974877704466,-0.19155341958734245,-0.6591871575040006,0.4544785206725048,-1.898716966985574,0.22570475952580366,0.6597865988973538,-0.27065664675083245,0.41109919845646703,0.3869902659970346,0.6062743678504526,0.403620937349561,0.8876022840389536,0.8585551565851108
-0.18609721884235808,3.1417634096426816,1.444515305914644,0.22981943826437354,-1.7525658020956845,-1.5553777098251487,0.19195056690913742,0.9864646524782351,1.1307396016573161,-0.11143676926466911,-0.3757694710802148,0.78138677730044,-0.22595319577401796,-1.0532234439002253,-0.9007133657331798,-1.0997132103656724,0.7942130436578408,-0.15934682910507078,0.11474857622517069
-0.7982463555540165,1.264199234970715,-0.0784583127965599,-1.20928692798912,0.11477896555479154,-1.1262844419773792,0.7006402292548074,0.1836519074540015,-1.3283350521887523,0.21335983726094238,0.2640057166379981,2.0723332564779553,-0.06447478866088431,1.104220773920134,0.02691358434826928,1.61701618771121,-0.5464129866350436,-0.05156309861775974,0.6186207420698453
-2.0756530813291487,1.9331306918755402,-0.5407729503167477,0.28858166450940587,-0.14500272387753005,-1.5482581934708974,0.4768395080519278,-0.08339220139163511,0.10189891707930195,0.6515979215973533,-1.1289224691891557,-0.6975920691542251,-0.1551580250332113,0.031113070481847156,-0.24500347843852663,1.3242548430530905,-0.170699721865412,-0.4230222952457651,0.9879427791176354
-0.044805565469808455,-1.9473974296731098,-1.6472386360748414,-0.5747517822145402,-0.9544354788461132,-0.36487255264678053,-1.09851618091786,-0.5344936084812607,1.1300253153757103,0.890526618141462,-1.4938603275401063,0.8419293394383571,1.409906058928684,0.7834043764183293,0.6694036275088066,-0.27943595686416306,-0.37489477836297375,-0.06776231047739563,0.27361081558366795
-1.481841240295056,2.1130611928440413,-2.5080303302105325,1.0023216515843445,0.1822457809974918,-1.3419695818914943,0.4199071254732287,-1.496890356040972,0.5432971530418235,-0.8099155470479714,-0.21013831357105422,-0.14129842249532149,-0.2853218709887432,-0.3870072457186705,0.25325461191226434,-0.030459788703693515,-0.04745996062213751,-0.265137461526192,-0.2994946588278299
-5.058714365946231,-1.7424765433851566,-0.15537356135823346,1.1317082167888965,-0.48625665596067413,-0.09059712660229093,-0.2736421830977134,1.0868372217242759,0.7476145704311639,1.527939181269774,-0.5691738882862187,-0.566046987388208,-0.5747165931853823,1.4441521279644185,-0.3813918270622658,0.48180181833350266,-0.638170064222816,0.8679137571989949,0.1155699942478024
1.7131658061410258,-1.591099861166139,-0.859392594258609,-0.8099475942817118,-0.07812094912478865,-0.09278045118321092,0.47495455958039,0.8595985386167406,-0.31218772768806524,-0.19775256567398194,-0.6734201010639497,0.3795861352638535,-0.025856418784864586,-0.7318604114273629,-0.22628333218634472,0.24355212701660692,0.5990451320713809,-0.67707898228682,0.5195471236026664
-1.0186347464645265,-0.01298581521355963,-0.4028279163534289,-0.3785278925535238,2.0350878118494395,-0.6298453727790586,0.5564341037191978,1.5482941295830983,-0.37851068394398013,0.8931979426390634,0.8094119823101159,0.474003815941316,-0.9741437090331956,0.6404992264169383,-0.8489685930193387,0.9432958371895663,0.6563602533001496,-0.9037717684209151,-0.4776087973789579
-5.020655265508808,0.18704609138502137,-0.12543706295473536,-1.7287668557784412,1.841732930076161,-0.07015730540741198,-0.5135733365345889,-0.13800130060119714,2.327335027742363,0.15548449710725792,0.6839493774276252,0.6891507057835502,1.4022840058697512,0.5423280480164253,0.01722279549415429,0.07098294132802539,-0.1797820152894633,1.1358243139570323,-0.5869842557629127
-3.151159854241746,-2.1648701361292546,-0.551111461592578,1.2754750866858438,-2.027387704277373,0.30183004664050406,-0.3356433589188733,0.8537844213956778,-1.1921454415745327,1.2640868714704645,0.44707652511097956,-0.2041408992997631,-0.21688365630476011,0.7105341903374945,-1.4969077812862426,-1.349724435621778,0.7019255762076899,0.14926254129922245,1.1174361803145716
3.0572488959520436,-0.9442268682322109,-0.6876638669538071,-1.8035599130961304,-0.1637575261388898,-0.5968609652710218,-0.4842939939280247,0.27637197829222016,0.5349164264064767,-1.542484831029782,-1.8991941210864105,0.7981354755910359,0.6058645266459157,-0.6761368401113909,-1.3399455261778386,0.7396651348471621,-0.7283205896791157,1.157652780094813,-0.8010112087390836
-2.724650704390363,-0.6118216588423736,-1.943101247266297,0.6915888123866754,-0.5375750313656878,0.12481849047363568,1.6374490424846972,0.10748119019728423,-0.8809843583974976,-0.5675536544649757,1.2331333580732342,0.6078497775327871,-2.02802606083037,-0.07769655796270816,0.6369008286751333,0.5076896133349359,-0.20529647141456023,-0.05811835813479383,-0.8087209871930269
-1.915660293278502,0.02134496556103114,3.6915741599454974,-1.1174864639096138,4.425184518048352,-1.8595404581386767,-1.3111722203849672,0.858285141990782,0.5984246581538326,0.13612151654940308,-0.059512698736103035,1.4972960111077385,-1.5043157041213653,-0.03200601797791807,0.0483238056430043,-1.5084811056495133,-0.649837422898563,0.03102955243442979,-0.034498584216813045
0.23746185044987106,2.2522864765776207,-1.2684630876002638,1.0603077708994735,1.0993286554978754,-1.5548668693554462,-0.6450490421411942,2.409056641178786,0.7258587672695211,1.2745561721668355,0.4945449314285066,0.44539207320987356,-0.1077899885058856,-1.3659098914403456,0.19939855478879526,-0.8058848007565966,-0.6210609099546228,-0.00799209603032318,-0.027555439659362184
-1.3775269380917639,-1.6888140017588051,1.2288313174459027,1.8882434042121035,-0.700797161228446,-0.0752424899980217,1.463731219119438,1.2199143729464441,-1.091374491155689,-0.9708881083445928,-0.827459611768934,-0.05831309871270793,-1.3741133687503224,-0.121409028347086,-0.9166797037535998,-0.4830685778843077,-0.3004812830555468,-0.08603939566814436,0.4462381299345671
0.41340524568840115,-0.4628028828941869,-3.02309844388464,-2.7686952874170156,0.8431148313164735,0.9890071585246674,1.159187063899137,1.7507123548146215,-0.29056364409690116,-1.4514901771999125,1.265594911268602,0.3942952683831549,0.3439632152568833,-1.2171055175337229,-0.9359087056674475,1.0682002064318468,0.3560611451531277,0.34393788949915677,0.03692207056426004
-0.5090814571331126,0.4590444082182127,1.166515044541018,2.1309261977532734,-1.0281389031847163,0.018768729988244,-0.40066542292425317,1.344334186997941,1.1515283531043383,-1.7930908132599654,-0.9333917752090304,1.131957462654488,0.11632871013499015,0.17001055772409085,0.6149391616536457,0.8186317605320478,-0.3815688211406328,-0.9062072260920921,0.8230327671733804
0.6717840122901816,-0.4571224791407045,-0.0038838729722381286,1.45899891443195,0.41192077645701325,-0.876848142733551,0.5475319179216832,-0.5224938270676748,-0.18316617325806017,-0.25606318876907946,-0.6085917167398831,0.7521495890318395,0.5473409188081227,0.1275919646219196,-0.7245035944326127,0.23821005364494777,0.3170396425086213,-0.6315960455300076,-0.8500572212763919
-0.1997734420846946,0.4415939052289012,-0.923725195586531,1.066783973528713,0.6259182482413793,0.22967973838693315,1.1420763133935696,-0.9235786419507689,0.19406587659570027,-0.5266576419259972,1.9724490017549428,-0.378129778285583,-0.88448465268149,0.9777050247868939,-0.10239878349075761,-0.36267806920347084,1.1688643168253379,0.040548124352124466,-0.11758369156054707
0.7346875247027395,-1.0772126675542588,-0.6917408608875855,0.4360467287677909,1.1723614957647126,-0.44875855190179764,1.3731697720882496,1.1498573987621976,-0.24171519775247066,0.459562131162217,-0.33044102702552053,0.5630856653641735,0.46791433612941064,-0.4355512502311128,0.3441610731162135,0.19630601829554414,0.3256678725269987,-0.4614105396986124,0.019859641093652694
-0.2496617654010346,-0.2828471694014312,0.020567811484296646,1.3230016555419266,1.8560911669220341,1.54925082023033,-1.7720779524607164,-1.6591473757104402,-0.35492799600640235,1.6821302281501433,-1.195866739991061,0.6046539850015734,0.11171592443422428,-1.3038304465117492,-0.9465289528698838,0.49883717180152887,0.2396105297471563,-0.3096589876115619,-0.758791885402479
0.9099158272468918,-0.5962795556012886,-0.026638542874833433,0.01452889301773041,0.2653223984685649,-0.3923406959815332,1.3569684859757078,0.4428436653998956,-0.009956997185111782,-0.5774925779106439,-0.6884039822277042,0.7326247841917433,-0.039455691757577384,0.3775344458081713,-1.1041530927519585,0.6817333968634914,0.13165957368574102,-1.1526922171755627,-0.712361118449492
1.1249179432627763,-1.3555447133766374,-0.8989077981692981,0.14790924083070736,0.8853108869145068,-0.5135910289320474,-0.58707547083344,0.32135437721540927,-0.5675494321469174,0.1577156822820731,-0.35144828757046076,0.3666937385509984,0.8741633678508024,-1.1837815315519524,0.07184962401945683,0.05688168758859496,0.22508265747022507,-0.03882998521867251,0.06861084669643076
-1.5142960188429677,0.9358207854602086,0.017407034270779137,1.2038127741658073,0.17083589862083637,-1.1851066955067489,-0.4129569651739458,-0.40533768620104166,-0.7005645420462978,-0.3006301646162991,-0.5066644113433065,0.9576564930052962,0.5202646859414966,0.8193289891227917,0.2807821370032639,1.306577321839079,0.3109699991193122,0.6739804205887868,0.43911761385164905
-0.3715546445355789,0.914079634989986,-1.3155228625013047,0.48614499595797195,-0.2276607132530754,-1.5504645356364863,-0.9571070234914844,-0.7805178078790135,0.1792684172214537,1.1429183187093357,-0.6241342472741461,-1.3784390701072344,-0.3375872917742216,-0.9819163048964813,-1.6002736249836487,0.40068042608913684,0.8768427285468099,-0.6177148917029678,-0.11351370935118676
-2.498645573233397,2.420197777417678,0.8721435979616076,-0.36119091244193685,0.09710251182843067,-2.141547482300093,-0.2486709837453764,-0.5842703227570355,0.5245922539723893,0.42030210864334067,-1.4276810992524451,-0.35332121828982976,0.04711215164160877,-0.5475797128026866,0.40107110784718475,0.10286440596089202,0.4915494405007233,0.294129117978458,-0.13227542866965872
-3.287199620329502,-1.2275775005223395,1.6255940032677738,-0.3191487026412169,-0.5681613312275963,0.4652258245304191,1.5759385478776142,2.180282187207093,-1.1004205832057412,-1.5789816253683187,-1.0674365766065093,-0.14584384711603637,-0.707005371513169,-0.6397886949473282,0.9631098271913411,0.026798254042176704,-0.23978051255429148,-0.6095001506136376,-0.6709834175808468
0.919614684132979,-1.5304440047199643,-1.532593065137548,-0.008914959804155275,0.49174318136924444,-0.02619467019642848,0.3598407450811846,-0.977286040006072,0.8230860271435984,-0.7373988522182843,0.3521545265641658,0.4794909960330677,-0.20260972863981608,-1.4569448358231238,-0.035419956253637974,-0.2649951747590547,0.592478762084591,0.14694487638296655,0.6635922659231903
-0.09437697527130626,-0.1377727419808783,0.13892393989987067,-0.08231578634575093,1.3358818118258666,-1.0160137900679427,-0.22852844143180234,0.1454115368903288,0.0391021630742234,-0.8896510011020544,-1.1071030808045794,1.3204730249304177,-0.6088702831659275,0.9231320296287483,0.5745501971607394,0.6218154030788868,-0.9682851629826816,-0.9542506947872759,-0.7662462616613632
0.032654627207069575,-0.14996896324294476,-2.4747454178325885,-0.37725628860117394,0.02656150249334525,-0.580903193703503,-0.6972312945336225,-1.168003276406396,0.27107380816610605,-0.8301902415803177,0.37701181859921223,1.1152073548618717,-0.6421497999746164,-0.48302811844944593,1.1977210802831109,0.31237571733874775,0.7105135395107799,0.9976854738495666,0.5530543698443818
-0.681306498108405,3.263121637883887,0.2155647999567314,-2.1515688639780626,-1.5756834949866823,0.6464046495734121,-0.2032577501416069,-1.5940973758276917,-1.3246243906820518,1.1554184679712975,-2.0902250455438494,1.3120527265513817,-0.6148661866038952,-1.0825207373831938,-0.09641121279672847,-0.3583019862638932,0.7123365770624921,-0.3987795414197251,0.587703561180994
-2.073396145321668,-0.3406997687118859,0.7890994625703541,-1.5350256463246408,-2.523733418029157,-0.3115748121207971,-0.03887939757068128,0.4391914219825203,-1.6407243629217663,-0.8984282158961165,-0.5925106691209735,0.535009732260803,-0.9478911415192046,-0.6858599255848812,0.07955994911501547,0.48393924461073556,0.4179369945255571,0.8383003163345273,-0.6573122193473222
-3.7702059676173936,-2.472431028924808,-2.411640188647897,0.9530760593830182,-0.41278344235076586,0.9980267459633401,-0.4072715603673563,0.4260308552765885,0.24491365314649086,0.3431768234662663,1.508295787422514,-0.6747700810289637,-0.4900949964284334,-0.09796858216611064,-1.3983440610629434,-1.362605252123314,0.3681904441207896,0.2064589598022833,-0.49476679321304523
-1.3626275452883791,-1.2309857228121996,1.1395026446403065,2.0089723227738316,-0.41333316224260525,-0.8197000528338515,1.0707166588150636,-0.05232700614250794,-1.581481966523013,0.3790886149395497,0.008090503845712324,0.6955916810654509,-0.633403334787297,-0.5295931116004243,-0.7069922653424057,-0.34631380377454474,-0.9047130824847587,0.3637492719178525,0.10803189805802652
-3.16105389990303,-1.7670413921668386,1.0386364375715742,2.340449977076561,-0.5883106577192159,-0.47040864551123224,0.34499889677629064,-0.34585340853458246,0.31394681955806447,0.25466548633240976,-1.3424020026434202,-0.8630861553406215,-0.7899879898801285,-0.5094341158379514,0.21893704726611785,1.7044343589281516,-0.8846493242405153,0.6299108442593281,-0.2043928473665436
0.9866566111883107,-1.8603443341840156,-0.7089340933470318,1.5733255779204294,0.5409397927892317,0.018560406650302758,-1.2845979862390164,0.8846925059906564,0.638013296970634,-1.899357472394293,-2.1043229136232573,-1.0890792293443414,0.8146941911183343,-0.9999766203096231,-0.27867490496620595,-0.1220710781076402,1.0955260756624552,0.6137371573282607,-0.13029085487878675
-3.593370624571384,-1.3832852052182665,1.8029747702948253,-0.5577822431660195,1.3346156929055546,0.022829342522940724,2.2953048706580312,-1.402563507355419,3.0268646618452038,1.8893578359245466,1.2290857494737564,-0.7940799487444017,-0.7830128497478528,-1.727496277819136,-0.4704440301270526,1.7408532152455367,1.6396169453596745,-0.7533124794332782,0.5669929241829351
-2.474448862412266,0.6373467287207417,1.185305690865391,-1.6695729587977959,1.0814080363849206,-0.9383607871850657,-1.9008661959389535,0.3013672496549513,-0.7114578556544326,-0.3167540830626328,0.0003365623885652886,0.7630126257957363,0.08372474479632885,-0.39485701286815644,0.6793888642888846,0.5614249049466771,0.7207168751599,0.2600140559005573,-0.019594307634143788
-0.060560583004809404,0.5418204971681587,-0.6632617782632508,2.5140188446137754,-0.4692769214978207,-0.34886673662314405,-2.401814935356189,0.7794414619719441,-0.030411777970498988,0.1290965383223252,1.2424416658346749,0.66133342280379,0.6198187357636316,-0.9659921296218239,-0.5025520922501748,0.2601971412919641,1.1550792949805246,-0.4007206623155521,-0.5218451859936036
0.6027336064617004,0.41662001436762164,-1.9519027537884066,-0.8167859907493551,1.202887128440199,-0.648917201555464,1.2445342743801042,1.627698439151804,-1.5616325789926464,0.8945415619311974,0.8724645783280344,1.2713037338854554,1.4057460891075584,-0.35573437256136264,-0.1142648823567425,0.9107293611854269,0.12826759366796062,0.5803752141860028,-0.7049430153249098
-2.8986578100595577,0.04609555820768405,-3.17423309280445,-2.2306086039713904,-0.8439645842408258,-0.11110851546008658,-0.6245130129825454,0.5473844268851301,0.3875568914532736,-0.8357748918303906,-0.20186514441392317,-0.18294133649420402,-1.1025050625152872,0.11640653629267735,-1.2291843556604498,-1.4746327435888487,-2.56471699001305,0.10515765340373781,-0.837967258395812
0.4518831284876403,1.2790435760031755,-2.442509025832273,-0.40100078517690446,-0.6185932917515367,-1.6002205710390995,-1.1507935413643149,-0.010686670817697147,-0.34774174614329095,-0.07212362513094508,-1.7136698146248368,-0.50885514556024,0.15786061803097867,-0.8358714260590968,0.6366908819557744,0.1408744616772724,0.010902973724940881,0.37371452576822606,0.2489506782097631
-1.176213521732106,-1.260980364679554,-2.248604965053238,-1.1064339422585645,-0.07105672963940737,-0.1864547213610056,-1.4729626316229423,1.1510677269811205,0.48409071166130213,0.9092162008732767,-0.6583632172119707,0.6484889649346838,0.5448429849091773,1.3874481871703626,0.6960286337387439,-0.3965738318016987,0.39468152653163596,0.10311743757268427,0.538525526123989
-4.02687465592244,-1.7049823018740098,-1.2828370080373976,0.6870774043824113,-1.8524946414342442,0.7062111880511207,-0.9214726917395114,1.4921253511899737,-1.5598295856608613,-0.054797252190815424,-0.19542905056983917,-0.20818901021625819,0.6233385796550397,0.888557706178703,-0.2908270067656623,-0.4995601531665458,-0.3105806263838238,0.1613200729974764,0.5903112835569799
2.238214131198514,-0.4946577269317911,-0.3192817885383386,0.39928486734791246,-0.8648934470223686,-0.5361825663824727,-0.9374673343329374,0.5415396643833207,0.8987426650439393,0.8834176714718376,0.5107057771727795,1.6087218877745086,0.3164214095842827,-1.5962934110820401,0.08715981060344875,0.3418727972550142,-0.26770258315491724,-0.27629525965492996,0.13151105861315399
-4.475607106045017,1.7507203976211345,-1.1602561641403661,-1.9806486424654925,-0.00469347184288761,-0.22053772157079463,1.0125927508091126,1.9244599812861598,-0.5646985128597951,1.1301382449332271,-0.08949372635220024,-0.3274249855991956,2.942889081792238,0.13736919334691056,0.1547068473183102,-0.5373639111321851,-0.17437701070849876,-1.3165741088916565,-0.0686622729367344
-2.634673928891874,-1.6517757893406297,0.227159536211407,1.8842091249941026,0.03874902344381989,0.11611371124526189,1.5684120698687505,-0.9563351571985101,0.575236127474732,-0.5016566538110229,0.5292411551510037,-0.41547953844448027,-0.5222314836300428,-1.5576000327821096,-1.2660149385338817,0.697338469366137,-0.9161345713430812,1.172079092462199,-0.17602920822450055
-2.153420566906313,-0.7088576587222465,-2.878031955204738,0.0270140601518082,-0.87921939646457,0.32205892122634205,-0.8419861537745968,-1.1803176446733934,0.4871033104784778,-0.286241238233022,0.8833505147699969,1.0405947363009331,0.5667297682497812,1.256181609396636,0.12097434838539878,-0.8419673139237052,0.8435167165122681,-0.7150774803200064,0.4401726383930136
-1.821651304100582,-0.28397019085196396,-0.11377379382850575,1.4450508463595104,0.5151376232873834,0.04308030439362824,0.8091884148731967,-1.030744944181692,0.8229433985248936,-2.251163644748677,-0.4126660144742047,0.5427540931155379,0.04014694536534549,0.001621878750781716,0.5447808102346521,0.562487311638079,-0.03929618848291848,-0.24647521268149417,1.1087756754092666
-3.0601489671726743,-1.5580048545949576,1.6257108000794935,-0.101697465673799,-1.2420922895724247,-0.3054669624317355,-0.055146750011563606,-0.12049732191225483,-1.676075827448434,0.30455281351340374,-0.05852439019307014,0.2767261671764275,-0.8489971841222512,-1.4459358507505258,1.2989238948654651,-0.24435090814914195,0.09253869562530607,-0.6821238498660069,0.039696818212429465
0.6827178930887979,-0.6368644786047846,0.5116045494363494,0.3294623155639905,1.176250647266799,-0.7977491449591331,0.4589449959525349,0.4086543576934729,0.4011471001997804,-0.6691218493834101,-0.8963479378182686,0.763383999175382,-0.7541385367394869,0.5923573790905551,-0.9521712540401771,0.11653683033530764,-0.0376528263879951,-0.8504427212094361,-0.6341788366445651
-2.558102025858467,-1.2077014509535127,-2.078610340744263,-0.74910906656524,-0.2922055088968703,0.00175549602099651,-1.1762871170142262,-1.537801108136489,2.348759311895359,0.6683411126252409,0.4833005914830222,0.4702894557163424,-0.7727457791532948,1.3485190508072338,-0.38484004088349066,0.14237393434591736,0.6318872546700339,-0.3507204169369745,0.3980819044383897
-2.743713526261867,-0.23190388484680557,3.193814411760867,1.1989202307583475,4.061124552385683,-1.4612444142981191,-1.4697107718438414,0.767772730274032,-0.001844477768011642,-0.13690505757195204,-0.0211321496471991,0.648924994859046,-0.3841779714210791,-0.4478882762971016,0.6996409418064028,-1.9671951978931426,0.49362089172713297,-0.1791247870416133,0.1483623842708369
1.4733036031106548,-1.0513616163483228,-0.16815439450919084,-0.4652097817073249,1.115655851696771,-0.6722572572856695,1.2705238674468915,1.290486207019049,0.4099412259083703,-0.1059142923861229,-0.9570953470957426,0.9072906270939304,-0.6976584937273047,0.13444857985447842,-0.039638551066658485,-0.026882836508011293,0.0406855152327936,-0.2595735969501702,0.11312873776997501
1.5990889776812174,-1.4124104594202143,-0.9427941129470493,-0.32444478191636295,0.19763418349302223,-0.2876461240555426,-0.01017960645430691,0.541326997052473,-0.4945774619350377,-0.19891048699943653,-0.610800326353202,0.42377818490059277,0.5537731247144421,-0.9447713887707,-0.1366034136428431,0.13881222843719618,0.4134916968542487,-0.28242592944265,0.2328660512629953
-5.163582942341728,-2.956042726501945,1.9080426971262177,-1.2474317015870435,-0.42041698320993587,-0.3144749970451985,-1.4379398705133881,-0.568397580330747,2.1272782216812085,2.538550391410917,-0.8003523792286209,-0.7657518403587209,-0.5722165717209292,-0.4798307407781046,-0.09551427340016985,0.40964585760066186,-0.934854943766416,0.4050397303165387,-0.5627912862889536
0.3414171070996448,-0.0200241761613316,-0.7447285343972381,-0.3013445616514766,0.713560412170855,-0.7638113284736535,-1.4081150155169253,0.3241753409247375,-0.8418057452935032,-0.4323681113337998,0.10726930816378649,0.5479469511119454,-0.21922594828263772,0.1017478211547065,-1.3361017538045767,0.4280639950654357,0.7148138881959952,-0.02007742457601992,-0.6142700111677438
-1.1407801704385325,2.4512082956383954,-0.665546994207268,1.2226789092153372,-0.7852271093254388,-1.9343657064691573,-0.04583703975562387,-0.7371189015465315,-0.5564784289823218,-0.36637059723828536,-1.5682017445828658,-0.05726877437804375,0.45139798964787853,0.20833948375392278,-0.11927907282400715,0.31975582508904565,-0.1474261734067825,0.19968849131837282,0.7863264058200619
-1.5330246818089885,-0.122406514003274,-1.7868426220998046,1.0413852809202342,0.16482256086995553,2.604020061089189,0.16239732257428352,-2.0228566279746683,1.660186303288985,-0.25294041682825696,-1.8659623451629015,1.7661768846910062,0.6492100246100064,1.0834751224059116,-0.12348057942099981,-0.9444807315945656,-0.40103642911996334,-0.19875223969704675,-0.5835561708449343
-1.8647593424271205,-2.0261997432935805,-1.4573059952944682,0.9930323611344744,-1.1062584081187974,0.5628266656025445,0.23175758044141023,-0.8556472656062714,-0.6024141705364223,-1.698314878440398,0.2359088486123159,-0.017018700531788684,-1.5081196676023436,-1.1469423592752521,0.5980131616434043,0.000865196869888532,-0.5866160314332541,-0.6386525319926254,-0.47499017095439694
