PC1,PC2,PC3,PC4,PC5,PC6,PC7,PC8,PC9,PC10,PC11,PC12,PC13
0.8120602537134665,0.15062801355328653,0.7535907050669322,0.3384510682526475,0.17504249128498092,0.5915698655717296,-0.041504874325743915,-0.214974861000881,0.3788353981847214,0.59258218385635,0.7728742438959405,0.3040445485520357,-0.07763753674504718
0.34191738667888544,0.3485073731590896,0.61725618509526,0.2640556274585856,0.2519012893914589,0.032488844028620095,-0.4408916275119302,-0.3491371634506728,0.1993557006715198,-0.40621417883640515,0.44335819951780964,0.5820947857476886,-0.05502239515224423
0.643568354555286,0.16241186264268465,-0.30239768811640244,-0.3638666855627784,0.28191827717246976,-0.3978141425410563,-0.28363894665229306,-0.2736207663495844,0.19683848947164503,-0.25962328926503303,-0.0546461237386792,0.2515342025827532,-0.05335705825892724
1.209529007838763,0.04945102844932048,-0.05404102631418858,-0.3622826793630706,-0.2851225022963397,-0.037407371426544204,0.5963704982701495,0.34552228326891393,-0.012200615641168606,-0.2359561302901702,0.12037161697910015,-0.009263068179820685,0.030066757351392637
1.0957351825861534,-0.08905927849444842,-0.3121374362780536,-0.197078632673714,0.024069438103805154,0.24017518215778724,-0.08157452859217382,-0.08385641404348033,-0.13294252206547383,0.028266646173862358,0.022727522152412062,-0.057270311766745303,0.08403183698366533
1.1182987027054143,-0.09247443485608382,-0.2995839260479832,-0.2037826182167841,0.026358340913931074,0.24648912898665729,-0.07344384414383032,-0.08686967393423331,-0.1347338944494625,0.00850904668327817,0.05402104160007715,-0.058076948894778845,0.07868203096658945
-0.3841148799383069,0.2837873429841077,0.023134088486714506,0.11723534512967514,1.0780370269582564,0.6330052673914874,0.3114120450114528,0.09680964727189525,0.0590197664821344,-0.5070985217543506,-0.3609817285560562,0.10286586437600533,-0.6127905090023624
1.1064410116916965,-0.09282506034075796,-0.31286841552958455,-0.1984593078251224,0.026586885831201546,0.2580034854035296,-0.06722828965491186,-0.07748194787744252,-0.1634642181556884,0.037938868441977185,0.049679303391744124,-0.061001074329405824,0.06932143089029258
0.3590434960551511,-0.1780833111900333,0.20907006379803011,-0.7084967914736814,0.06122809016991434,-0.48050031944882016,-0.4411646931134243,-0.19958541573158212,-0.2488453412943327,0.005227955379383729,-0.3035828487291062,0.044261802197794034,-0.16520908175017326
1.1012043539738658,-0.09212175979667324,-0.31155626096817063,-0.1971597743269838,0.026421556782982022,0.2457812086380366,-0.07192217477416922,-0.08300776584545859,-0.14658621833937796,0.03011453368232742,0.0418403278698022,-0.05802333721274002,0.07927306189208244
0.5876736206962453,-0.11130914623207852,1.398386088473484,-0.06114588571214723,-0.5225852754904785,0.1722058717417281,0.27797626698968353,0.26901155906288216,-0.3000251888072835,-0.22947023500403596,0.38574393075158725,0.15988307955068098,0.022294496281923173
-0.004723327171043863,-0.28879055860505176,0.3936763517884883,-1.012552388168594,-0.13946111493518698,-0.39288797099644174,0.7088746353818424,-0.2118286016369262,0.07739144110667626,-0.4221698933389427,-0.38198754614755115,-0.06305351703842467,-0.2219822182966297
0.41634297113400826,-0.046046164676366345,0.44118981376964794,-0.8501695617910878,-0.23953304913320292,-0.7878522743108972,0.24338950871506887,0.22329415592200086,-0.14364749757318032,-0.21874088291794588,-0.21627594093707642,0.10270853046885951,-0.197728486301528
0.37934069111285873,-0.15820564621780592,0.20109039173999513,-0.7207652987033906,0.05273965261749044,-0.4442440822945593,-0.4599254535450273,-0.1801262191539567,-0.24121584927836492,-0.016305952472024963,-0.3367978960449829,0.0662865133925669,-0.19243876800954904
0.9854240161038639,0.3339590637449548,0.4322226974090965,0.373954875260218,-0.18475124114374533,0.0014392193627801152,0.7518551259466671,0.180755779266013,-0.17120111335124866,-0.19542017582350205,0.034755035326238935,0.07210491855631002,-0.028732533290165868
-0.43113574279101213,1.2397157253759046,-0.3955469090487521,0.21156355851127737,0.021895033278783806,0.07877108889305476,-0.09416523250585612,-0.08318855705492409,-0.5877943738047131,-0.028984028448206144,0.46823083717411784,-0.02026254162250527,-0.5349441817797695
0.6498064563900953,0.16456508361632025,-0.30796217213118626,-0.3704376650529633,0.279737337526718,-0.366967351450992,-0.28879288279679355,-0.254516161901304,0.17915274810037238,-0.24357009168405044,-0.06654426438386565,0.25365918770944634,-0.06238799439243103
0.1867664106153136,0.13799358702784595,0.7019704187718169,0.01428763238833703,0.13967560325682532,-0.4176815653203685,-0.2933318242852557,-0.362506078438445,-0.4008366413765912,0.004221172043808471,-0.4163915977472069,0.10866617928799974,-0.2971450483206874
0.8157023482445951,-0.5064435218578341,-0.5415018995447046,0.2745132612517616,-0.38898823902848634,0.10970911456479343,-0.19817239154966387,0.1654663217647613,0.25290248951863525,0.024435841821333792,-0.03132487336261977,-0.108648861693832,0.024135354508725598
0.5785387037264569,-0.11238135439249589,1.3899939889856525,-0.04977914198919969,-0.5219703347653373,0.1506381936869987,0.3027595576521088,0.2569120738866948,-0.3043573489075352,-0.22517787507683712,0.40338815605613443,0.15520361251559295,0.025220755542081207
0.7651729140691123,0.35978697241975977,0.058800978158595946,-0.6338322760046993,0.14172256386840962,-0.6030958807868474,0.5637982569610972,0.19767574292772472,0.6609545760824052,0.3522977638489209,0.21585614123729466,0.29452309937955135,-0.354317560520494
-1.077825400664558,0.01911727468637476,0.3284560686643376,-1.0709897041163867,0.5132800054788406,0.7487573071508133,-0.3133694502134813,0.4378369997033139,-0.012113747345831634,-0.33421019730575,0.23437676993452983,-0.21853993912596525,0.15019414445390258
1.1387168550233082,-0.08759430020489181,-0.2881619735734983,-0.21631324595623339,0.022178515123179872,0.27001468913664495,-0.09391196580349638,-0.07723789832723517,-0.1355142853880361,-0.0010302460414187784,0.040776580223129015,-0.06256093327605196,0.05906019798329032
1.1177131646473308,-0.08451970281077217,-0.30875961650664696,-0.19712529117913938,0.02255876693169731,0.21511939678569142,-0.050299335969911166,-0.10262377553033054,-0.09106603096287166,-0.02303184893282827,0.05624053845442942,-0.04313627846997067,0.1024788421928107
1.0405211742249247,0.4008933539951715,0.575171464731886,0.25955586031084166,-0.022660410840520506,0.01742457952361445,0.9271382859554105,0.17712652970921072,0.26449099084523303,0.575550422869209,0.23664815144721987,0.061626154406667424,-0.26345984767215846
0.10085922850843286,0.9731533625702025,0.06889773208115879,0.2655609335239101,0.20148392640025245,-0.1762669339115433,-0.1993890845783899,-0.27323248859899485,-0.10427338848620499,-0.04099589202161275,-0.054593671340900374,-0.05736136445030537,0.33527499488053114
-0.8718358482743953,0.8084895553322674,0.628851704864834,-0.5084448047738095,-0.31513877473428903,0.19059509355266283,0.7597997124629603,0.09654514912695601,-0.17979966056573948,-0.25914971417448424,-0.4742547737226253,-0.19023692172806053,-0.20372072501459418
-0.15971912446180708,-0.41143013636992826,0.27415601211040813,-0.9193192845668088,0.3778329065993082,-0.19750598102848954,0.23439862466341074,-0.6932769299325334,0.37870651166796954,0.638652801788506,-0.17776200521913904,-0.08820772969089773,-0.30986189723147445
0.06254793479401853,0.01871637026507356,1.1548960285953276,-0.0785475252101589,0.03314183644120962,-0.13005063979665554,-0.6186207765643094,-0.327466730593339,-0.13658144438539718,-0.25241405468099815,0.19803569287159078,0.40493287048220683,-0.1387658427692913
0.1425207114963381,1.1008112403112191,0.29684386925822814,0.13168243652963954,-0.09714192269285914,-0.5354993976003065,0.5074208531704638,0.1282992060393106,0.0737595392240763,-0.2959583225756679,0.03619768094053546,0.02206292845944406,0.37540891418680666
-0.2663777371113174,0.7079880562765518,0.7910133829581076,-0.17814870083504417,-0.27854433297554604,-0.6648274347326917,0.3303915524782587,0.19793011155725654,-0.42087446323957306,0.07772457001479485,-0.19998156095349198,-0.17029889264138875,0.3540902092267222
0.04649162391056173,0.9628611655068572,0.05516957685164483,0.29607740455696097,0.21497653251096788,-0.2712698968862044,-0.16860330058313472,-0.3192237715523562,-0.04666581094259974,-0.06585995899788773,-0.027426475270815192,-0.028969062152119224,0.4066686725457469
0.06786362183448379,1.1651505056394444,-0.2054575308353108,-0.8576550308696292,-0.12922344093544497,-0.08147226849171885,0.42960042311060626,0.6751696918211657,0.5974447822536234,0.5038818994996151,0.15233149863894388,0.10400584463858695,-0.21725454433042818
0.6077824102809519,-0.09655461275917754,0.8411256282071237,0.10035801030082656,0.08415881575886337,0.13335836541718837,0.10222119279035707,-0.22479561874898524,-0.26945860032648267,1.0745076598993328,-0.059319415565666986,-0.18196446111385509,-0.27786978886223623
0.6928564480550978,0.18172650264661638,-0.30887235319099404,-0.3870980115962686,0.2648512534599292,-0.30469421821445103,-0.29358449973224787,-0.22610480683953646,0.13871992488641,-0.2339795379628987,-0.08467384832086525,0.23485116537014042,-0.12716222247494455
0.26720820024384256,-0.08122784241148176,-0.34789085605263503,-0.542586528451157,0.37776618155532,0.06083491037364073,0.20371558461217876,-0.6795194910694996,0.3652758266971385,-0.4449584730627115,-0.18926370992484337,0.07171831977247374,-0.11155370620508982
-0.20504648579518936,0.7246786958880441,-0.5585199976827411,-0.5217399039474271,0.7293121492228618,0.2913954142314632,-0.4039842931927554,0.8438511148225561,-0.11850446995819552,-0.07876908522552557,-0.05917854519171701,-0.17216446440392377,0.05973637738537148
-1.2555674512795916,0.3685649675798512,0.957734679753996,-0.45366085504171516,0.7822572894196593,0.8305165173047139,-0.012158421176234125,0.2847202827565174,0.2376343975556487,0.4909086099839007,0.34029881794447886,-0.13468763873022258,-0.15965188997272212
0.9597292693945677,0.21306717639389874,0.21357718383645127,0.5049419600333467,0.10919898106143186,0.32364427885627495,0.05592128181380229,-0.24268639625764912,-0.27517962375858784,-0.00034013329583913385,-0.0532704532178532,0.006592792010600107,-0.03406925096064367
-1.2281716795169468,-0.6725904927017351,-0.4435419226404751,-0.2740501743745193,0.27692054361300167,-0.4475070842066889,0.03543815136717624,0.06045207954127516,-0.18816604577253782,-0.10226900123618486,0.3718587608632411,-0.863665322253307,0.09758331022545794
0.9768027103336194,0.33657063858563824,0.4196221487393077,0.39029547673717546,-0.1857327916737239,-0.043528888454657806,0.7945398068850754,0.15581677276669853,-0.14806915205821952,-0.21309439054322657,0.06050985297585305,0.07553547792760387,-0.010020072635701137
1.1042688989656884,-0.08110864477350843,-0.34009019781545907,-0.197007670200627,0.03467828889961039,0.274018903766119,-0.05406115482503101,-0.06722406687283815,-0.15285590327266393,0.000271739273665737,0.0670554090787666,0.0087919303864251,0.07747112186607309
1.1278820851156062,-0.07855969962503548,-0.3085905345558982,-0.20183876440914447,0.01902968520642732,0.2367771754090916,-0.059599309764668026,-0.09322977697543311,-0.11076095897847217,-0.017980122091300416,0.047554611038804935,-0.04827059593786827,0.07362135495042652
0.5280192824570683,0.4781053422543945,0.2144213353352647,0.3225811218174529,0.35244549261133706,-0.2484049539591125,-0.16586308137414338,-0.39273946563454754,0.01871943821139572,-0.2507758300058979,-0.18239785074188666,0.29885370242145015,-0.21297415813903964
1.094317757406184,-0.0942578254479822,-0.3143637329510395,-0.193261887263351,0.03071475448544333,0.23783991249185962,-0.06741672876430624,-0.08744681602042484,-0.14575700116659726,0.025463998698175814,0.05313963676233165,-0.04824130418835095,0.08564272017208935
0.2634282339029099,0.6762561595176213,-0.4465410646878175,-0.44185360669913254,0.11368313359617742,-0.2763025080213517,-0.3211754600012862,-0.12923077870021688,0.0799722323700709,-0.06426793903608811,0.04374805319854546,-0.11099715252015287,0.46494342012639905
0.20146563795579642,-0.3888903135738181,0.6722633984469852,0.03538495639101801,0.008098482932815338,0.5131984179753756,0.41629291540703595,-0.6705245879266343,-0.44065527742816024,0.02149821238848395,-0.39739059678196215,-0.3434105406120709,-0.09170299737945897
-0.15678529083646028,0.36080685154356984,0.16827354685103463,-0.8347806774766476,0.09888273481491139,-0.474719970515574,-0.33447185592076256,-0.1026628218689447,0.07409931715735565,1.0582303662823782,-0.026680255082760288,-0.2836788175823372,0.2345165816543311
0.7912757090064937,-0.02710677039575325,0.23671904605768723,0.594545050486478,0.8308705789617412,0.3320413226878867,0.10833263334517321,0.30714487473509433,-0.3546136680747168,-0.10250734706946094,0.04005328490721808,-0.19302753550749147,0.04412681331126043
-0.3709663183333738,0.8476487125873817,-0.37857428952208083,-0.9178763338100122,-0.19235206657808254,0.3288971755446948,0.7345537729896967,0.25265037832030507,0.3475361509312712,-0.46311067647895215,-0.17669674174534297,-0.07783046729180267,-0.03018851815622896
0.9360327104405216,0.21162018414421505,0.19246822862619634,0.5217527770578109,0.11160501138513043,0.3009328437296011,0.08691997060340168,-0.25093956144063123,-0.28276201351004643,0.016219400854093756,-0.040363342772052856,0.01174929796067612,-0.020414757123871283
1.1089673174856178,-0.09243340337384899,-0.3063173337231273,-0.195444849954134,0.028747181735224177,0.22554167138722525,-0.058372549049696645,-0.09803161770488461,-0.1250917987493924,-0.0002331355834859886,0.06655885439767865,-0.049503976646872026,0.0894728733617772
1.1078394550513535,-0.09180545053220214,-0.29676645118382755,-0.20442450606015902,0.02307015824158051,0.2312468494905158,-0.08842462365116599,-0.09003560933370593,-0.10243102132497658,0.006828918290267692,0.022776865037981948,-0.06021547383112942,0.10201270444166707
0.27931398342127045,-0.28432386181040575,0.4948354191855269,-0.7858274171472319,0.4801330367764573,-0.7415828416178968,0.24308602676367802,0.7881706995759633,-0.21608819643042718,-0.3427504024151395,-0.1456503227867869,-0.10051567887929234,-0.1418544640769124
0.7003067674026502,0.18344824301926468,-0.30824286400431256,-0.38855592974515996,0.2630628213607071,-0.2975800737026307,-0.29048871149424854,-0.2240913904024755,0.12958943460874414,-0.23274592928771626,-0.08100342853931221,0.2296985736950762,-0.13891075078430523
-0.20083875779813531,1.2828051142224697,-0.09857364643171965,0.12865013830103175,0.08832191734921528,0.29082077953538216,-0.23942407415104122,0.09457281793574512,-0.16042304875288357,-0.025411115692153863,-0.1967445427701352,0.10558988723783291,-0.12895338316568025
0.9226977788122019,0.20816024759847412,0.18463683280461268,0.5242283151733487,0.1152908784963939,0.31317740020128615,0.0822659829757273,-0.24116924259349667,-0.30570519368007715,0.03987487275974694,-0.04443615091720396,0.015412714065164375,-0.02280080959778063
1.1894827886442327,0.04455516306005102,-0.06920313162896526,-0.347994329859144,-0.28002672605511336,-0.05724837326156376,0.6239354838828063,0.337139117890894,-0.022596693724541053,-0.22268789836137928,0.14228875212799533,-0.0036280334630949115,0.04372821240639437
-0.1276838216423019,0.34094361768299586,0.7605006578506995,-1.0007670425574893,-0.5063633450419811,-0.4903501341481104,-0.11517599732944853,0.3450938441906375,0.10906906350189104,-0.3380709147074712,0.5011140340258882,0.05426474032410908,0.5601165977172572
-0.11043653056834696,0.7786452430189241,0.21059465758649623,0.2850822922510077,1.112980174962673,-0.2629659720250666,0.048070464719450604,0.22334663907740845,0.29237138185137096,0.6260611535045972,0.2716090897082837,-0.22006510857568493,0.26675584716877165
1.1634790292536004,-0.07158963214315579,-0.2826404493277633,-0.2217768061780449,0.011710705180829797,0.2561873269412655,-0.09106584236893815,-0.08905333639888392,-0.08924440630073363,-0.049906847323503985,0.02964176988815079,-0.05813178721805612,0.05389415153359161
1.127009172970128,-0.09091150847750101,-0.29112626227845634,-0.2122616577128291,0.022704885720318632,0.26241801963765954,-0.09288017807260149,-0.07833198810245016,-0.13591710152896147,0.012634308174220975,0.03462248867044218,-0.06748199785305985,0.06900102093730384
-0.7157771004613361,0.5131481322774448,-0.8611944292937462,-0.7181244098182155,0.1694654373976305,0.6191513268526009,0.3337209222475199,-0.15220963484024508,-0.16892492150493715,0.07179162707902507,-0.23283629020427848,0.6576692315324056,0.3577538202520815
0.277013788499952,-0.5088788651213186,1.157774102000207,0.21675839940645333,0.5238862771463728,0.42787205228946334,-0.3125581357796028,0.3684068117298006,-0.5553712160372719,-0.03685335508986859,0.44828868621333445,-0.09954931272402494,0.14786084525505763
0.2272365604932247,0.6614402439476382,-0.44492226621526404,-0.4241601832571246,0.1285942708642891,-0.32375982435109263,-0.31671968360342023,-0.1552963684673491,0.08144300943683402,-0.06370450448489372,0.07436188484052877,-0.10334770325911136,0.4892701194549413
1.1162012124061418,-0.0941808084825186,-0.3055513968664001,-0.2030554351368216,0.0256858492838388,0.25457144480288446,-0.06569175143344409,-0.08005593976147514,-0.14531718083374356,0.02430576245141828,0.05352853019615081,-0.06112184962011924,0.08172235044310665
0.9146559955997934,0.21034148786165827,0.19038749835159816,0.5407235652201415,0.1189088229960713,0.24845650117210508,0.10213183861101245,-0.28429538970003976,-0.27379351893768406,-0.005575868690392095,-0.010262620346656405,0.018237013292535038,-0.020156732608786466
-0.7104703871907321,0.6708196242456704,-0.9339604475506094,-0.6630630385864401,0.062331067500346206,0.37344489569351136,0.2129601186644901,-0.37643421166233204,-0.19280211090160498,-0.26154634286315853,0.4435474435562747,-0.20989242911635603,-0.3960872476385383
0.6827983565458255,0.18080372556144075,-0.31972718911001785,-0.3722053844754069,0.2704118246198844,-0.3352326788719735,-0.260163120474156,-0.24560525422908394,0.13815068920058493,-0.24780987477458224,-0.04591935433128545,0.246631744163644,-0.12211037226693303
0.061511544630123365,0.9741004094861849,0.04303696509323664,0.2937161989079917,0.21054700421720354,-0.24089887478871214,-0.159809922424282,-0.30564235954788266,-0.07670881612218981,-0.06307601030336958,-0.024735027760361954,-0.023617258988470703,0.36918970933295975
1.127389205550864,-0.08797861845934982,-0.3061308439751064,-0.20533567353134513,0.022018647830452123,0.2585166605449641,-0.06189267994053752,-0.08002577208324603,-0.1412778102025509,0.012426676061688936,0.053396844952071046,-0.059868421136828893,0.07147625800319073
-0.8266005413722685,0.2549559441535953,0.9406839673192526,-0.2822809643267269,-0.0029196970588749285,0.30799164470367263,-0.15837018565222966,-0.648216799590747,-0.022999220694167835,-0.23259909242204033,0.18478345735739038,-0.08270126339239899,0.4545075713902166
-0.03583361884071896,0.9927755598851549,-0.5971508394118741,-0.5914035117305401,-0.004963917300705223,0.19658535579528053,-0.41431124548806614,0.24314481396398124,0.055298043043044254,-0.0630187222139139,-0.15299312112648883,0.049563101246601425,-0.003174431567999148
-0.5209789466404043,0.9337888732479973,0.41654543576695957,-0.19705019077699332,-0.12035426434200074,0.12749018514627192,-0.3896044978149662,0.1255421464706662,-0.5458725756901356,0.1988901321197255,-0.4240194369010679,-0.07867261663279643,-0.18672212933433394
1.1130069773251938,-0.08996095325022818,-0.2998901736266186,-0.20783669728419163,0.02412832066269618,0.22770455313650517,-0.0813047086113593,-0.08985749909490871,-0.07052792634559969,-0.018169942294216975,0.026276918010224703,-0.03665569898768419,0.12916010798330177
0.15610006364413795,1.1070651730108312,0.2901956346130404,0.13023255653389165,-0.10040805916664824,-0.5059444859286137,0.5147778183862599,0.14014550938037468,0.030050208865945977,-0.2812035693881354,0.04466501228585892,0.013844788293603907,0.33212854315522894
-0.43179430278116776,-0.7981093996594234,0.6126819588405974,-0.843795165419236,0.7941156333686681,0.16719087328821047,-0.24422832153371427,-0.06215420730919622,0.1326570891588974,-0.5039704555155485,0.2415936823170323,-0.011471155728474352,0.08378693438459449
0.7180103326858926,0.05746740244745558,1.0930385375163179,-0.061084278374688446,-0.23124748413443286,-0.16846669158489777,0.7739481241726667,0.1919139256220176,-0.10640055426519308,0.775792823849742,0.012114317885514399,-0.11819842203024529,-0.3305111235596425
-0.3492197648866321,-0.23416696009922855,1.0951566356582183,-0.23828375767200208,0.13562798588872974,0.2774726840194594,-0.10228314702769564,-0.7540048580095658,0.06048549968273459,-0.4339227122535617,0.07723504533000232,0.23642388723627306,-0.14321550048472587
1.1372425748599666,-0.08768663487504709,-0.2990811156985534,-0.21255361090269223,0.01924507016410076,0.2594590650151427,-0.06704998064456415,-0.07837094126835316,-0.11661936157772582,-0.000142370932041321,0.04415907274742008,-0.058965225231763875,0.0874146247372171
-0.00105888031867466,0.980443742912546,-0.5912129218845446,-0.6072370758597416,-0.0024074527430717712,0.25896194754875357,-0.39475817189286233,0.27374203796942026,-0.003193494167723889,-0.0317545025313199,-0.11162188866481143,0.03575085994663604,-0.018545542107330195
1.1374310541892911,-0.07393871318767382,-0.28910268948848233,-0.21801770167407683,0.011772673504705329,0.2607173140096544,-0.11346534385988774,-0.07967665393237694,-0.10351960013611428,-0.01315352289941403,-0.006348067544049707,-0.06587475319324398,0.05477582974433654
0.9656542804392092,0.21187150741838875,0.2135549149394942,0.49976797876181905,0.106422837020419,0.34859909935436845,0.05142143251887681,-0.22803227838785772,-0.2991744202281657,0.023659205982323874,-0.06205349124397296,-0.0064234053668170855,-0.046981037761976284
-0.010359244257479895,0.9920365976999216,0.17662469664322394,0.2184775424348765,0.41119636259021997,-0.309541340440079,-0.005802500052996108,-0.33675180734504623,0.3509268345854956,0.7823333675646731,0.18955880405897274,-0.015745896904071563,0.23790483705890558
-0.5443410073606694,0.10338368287716557,0.1605725760735165,-1.0004719722608484,0.21046573410634237,-0.15585485726541456,0.16672486972591974,-0.5923627127130369,0.3937992753236774,0.7442189621337326,-0.10163636440471084,-0.42912189676086643,0.2793473036121662
-0.5143271151009959,0.951419629509443,0.3992109423791889,-0.19217115986794467,-0.12674169464451482,0.12878095462905967,-0.37467904994303514,0.1240177453145933,-0.5454354140355816,0.18022418074385632,-0.4276987034327661,-0.06412092897358368,-0.21291508007138352
-0.6280415955986092,0.11122796125680398,-0.35952033348575246,0.8751757609435018,0.5586434299393461,-0.35582797708034436,-0.0025594170547513432,0.526676298898993,-0.12356337335886237,0.14216713836260417,-0.0334880968374569,0.4539617025457662,0.7596423317143493
-1.5121034682671388,-0.28863323407409514,-0.8417917870698655,-0.5131954104589496,-0.537202265993275,0.14407422016541788,0.1638931735540216,-0.034850812301466416,-0.58507226968227,0.2966099967415751,0.08810627637213664,0.24626560849153556,-0.1963520278640918
-1.6587703269520366,0.02142504394963098,-0.3285152616165269,0.2028915215617465,-0.4599944712663962,0.19175173922334632,0.3267906821324646,-0.21154463127781187,-0.7100752506766418,0.2673938398371169,0.004188433550270958,0.2975103861289413,-0.3114346833671553
-0.9298180131114502,0.40805776019474177,0.6212773473078341,0.1802852970734137,-0.6549484576151064,0.3132638444061712,-0.834857441752062,0.43454648476448715,0.08642952493540372,-0.013980384754535287,0.07890404555785765,0.1444155194892688,-0.10296528866610724
-0.9385078084233976,-0.891925786051322,0.9969454064312339,0.26565535238366017,0.6561794665119847,0.08942842544760508,-0.02591699405065704,0.03182874741403004,0.7440011793907438,0.3979026454780016,0.30038446497906734,-0.00990746002778794,-0.23043798357166825
-1.3432174163677981,0.176485938372124,-0.5764433958468989,0.5641875077341364,0.5614019854698358,0.5599390117422582,0.3975442097434833,0.48425962352150426,0.0020284769970574054,-0.05936081567135842,-0.31493882364904247,0.5014868408026085,0.24704897905894943
0.782408005603666,-0.5197314861153745,-0.557521093434215,0.2859216113739747,-0.38027846274813387,0.10957960760596679,-0.18743629983956736,0.1731358759520296,0.2217376161762798,0.0716953032198605,-0.02468832808313576,-0.10667751971906281,0.04495107316361026
0.5696420411269794,-0.22292595705681612,-0.06798905459941587,1.0266949876882652,-0.2830838992666972,0.1332170179379303,-0.029724654955986956,-0.009290301177235033,0.06182966538607547,0.08078374226098964,-0.09846131799931025,-0.026818243301203592,-0.053617027185772534
-1.207315254666187,-0.3045392003203913,0.29298336421840737,0.3950503571860967,0.43162035911763175,-0.19654008361641612,0.0965139074289266,0.06710492527138529,0.07347700138803918,-0.10429866230127674,-0.3675800800773041,-0.6150934352516868,0.3833355844766715
-0.8676541936383887,0.5446303878703084,0.8525073793596163,0.03732505758370939,-0.9599688211265603,0.0029049112681920623,-0.14818748328069048,0.8564092555861869,0.20585858438441065,-0.24569773822930827,0.1570211155530052,0.20220030148601062,-0.13263175703066402
-0.9775293295367441,-0.06280661543196327,0.3000290087294511,0.2610504940995245,-0.30626435037198807,-0.09054887171329869,-0.011595514507214919,-0.42196876765848546,0.10250643972930201,0.04245712770936331,-0.514363874920924,-0.463158511253392,0.25159851352005735
-1.1534573642830817,-0.17421652452205474,0.6923693888576018,0.2096004702184375,-0.4042389532632947,0.1501032942172874,-0.2617283672476512,-0.40679799900315566,0.3461472298122109,-0.20402566313228565,0.14233705031623953,-0.12266003375210353,0.4211608452583671
0.1818664149992231,-0.9520159874836285,-0.7793022717402353,0.1321348977514954,-0.24055584026925667,0.4852914892162437,0.5253254768575226,-0.262048208046707,0.16234502001160997,0.04813564090446327,-0.17160783400120697,0.4977652392773013,0.3890945599633827
-0.8800626303082546,-0.9134356544025823,0.8766724514810468,0.3489687474211058,0.4648708919903196,0.10192439277222969,-0.18648615112546243,0.028185860436801026,0.3670976372205772,-0.4994225099580055,0.10655066196477883,0.003053634561546494,-0.07148441564522544
-1.4631319073109947,-0.29147396264017356,-0.23186137078073504,0.39273674969715205,-0.3222236420352541,-0.3535405033726342,0.4171843549313845,-0.605343108172511,-0.6452818323601798,0.26525763810603514,0.17149014982575425,0.21993276446990534,0.22023321941218973
0.7916380411606819,-0.5203309475083606,-0.557671330855504,0.28362001128887665,-0.3815689797902347,0.12714702661051122,-0.18171551415586334,0.18070659022549646,0.19634598373370804,0.08511993980837548,-0.016254911797907393,-0.11689607332297818,0.027137323354206443
-0.19907827196735753,-0.30996450172760814,0.4273408855874297,0.5111377862264631,-0.2489346924425157,-0.5131954714236997,-0.4342865538270674,-0.07040711100839323,-0.13165296431708565,0.15543437754812797,-0.5009919773237269,0.06699524458793818,-0.3361117534640161
-1.7064901296906103,-0.1862602306693609,-0.06076856718326149,0.2381149812301666,0.35472684050182335,0.39430538152492933,0.2051226375945857,0.5299914600264732,-0.3700735752401344,0.21894808216259604,-0.6068183536412486,0.3061266601634596,0.23718271091995807
-0.8228676014051185,-0.3352782368633548,-0.6579103032731441,-0.17255415804341598,-0.5270434414942633,-0.8216802230017389,-0.20265182950217203,-0.028429596237849176,-0.7079696005094108,0.43440362382267245,0.42271080882607937,0.26595482892469013,0.2886648734000554
0.8419656168245523,-0.5122185327298321,-0.5354368443240601,0.24888962077282134,-0.3977217277163086,0.15887580019947597,-0.2052697138154625,0.20300770317794847,0.2792586603671893,0.04370995822453611,-0.06647309515830802,-0.11361057577771669,0.07154644373253471
-0.9668961070441152,-0.8553355118228867,0.15974696775144764,0.5028167746924727,0.5102977301094189,-0.34834538615922084,0.24138180262415077,-0.16105730141146038,-0.36529841758887827,-0.21545357582279895,0.1576180861581913,-0.4473119409236592,-0.6516721198334819
-0.5826282715041143,0.8781125047621043,-0.37689318467134225,0.6204179930518186,-0.3294915122055871,0.15697008665520015,-0.4257479316816147,0.3715742232386124,0.22679080489955267,0.059286635534938424,-0.4037419211298721,0.0726065127078315,-0.1683411066255471
0.19560126140430492,-0.5526445495672097,1.1361178695843628,0.44581670688713926,-0.9204491762076038,-0.001519276080947596,0.14365102689398285,0.5178942596391812,0.052329431824992764,-0.12396721073673521,0.28296772172902834,0.10207337693359039,0.01647364095950843
-0.46960119987440574,0.502226325762179,-0.4911820770594662,0.8530473184728415,-0.27345274294882127,-0.5738671301570432,-0.12531622606089887,-0.21909944842861598,-0.15078240670142468,0.0025744262320256694,0.5605978906399168,-0.24027290302334103,-0.08438584214143732
0.2801069325813679,-1.1390869884492065,-0.0065449566446649805,0.0346300850537608,0.14183212577286822,0.022989508430631096,-0.32350074251163546,0.8002821554882423,-0.32084205090610834,0.29376029139624504,-0.1760951917095769,-0.524511213796058,0.07204944553329538
-0.6138430410804915,0.41980550236776853,-0.006791685393534251,0.4706811740761322,-0.39503362634298916,-0.30231508920405625,0.8982715236944807,-0.06724363861205505,0.6313510409608445,-0.4412563673731425,-0.14333586329435574,-0.19783308239616978,0.3181248298783051
0.16834565268812163,0.045907258993741304,-0.061785505209616,0.8292516381281447,-0.04720425416298546,-0.4030681682284324,-0.2511858983466009,-0.14085610136059612,0.35166242547577803,-0.1696079013602131,-0.23367599164637934,0.25756275565333386,-0.24210403393282126
-0.01117827203441025,-0.11579758088589276,0.7219948782621989,0.11998182314313433,0.8788965242924937,-0.4338349225296344,-0.2331860380948793,0.17087716907884654,-0.5095163320158449,-0.09162315677078224,-0.27736200114572296,-0.07671517611059424,-0.21755726659714994
0.58177618034571,-0.2275992117257684,-0.06385928286694476,1.0142111206046234,-0.28712040470620426,0.17449900899778573,-0.04049563980432804,0.01649042165824952,0.03650938994332832,0.11542703406192446,-0.11560931634006226,-0.0450643960334854,-0.05886797344107381
0.2784332907058219,-0.21313384615552833,-0.4506699315710049,0.03417100099195577,0.06262919217074531,-0.5284938849467441,-0.24625510476678866,-0.007881590167992178,0.9572816956086508,0.6237867184333566,0.05717179872473603,0.2461311387190798,-0.2854535064878483
0.18354243817168678,0.045505267047858004,-0.06705493981079676,0.818180835119921,-0.051603667380355406,-0.34346117333275267,-0.2552874661095104,-0.10673863915226557,0.29675289623035095,-0.1244797151093751,-0.24427796820932274,0.24162784237418533,-0.2725010172798867
0.7570479740493166,-0.5293493549069244,-0.5539431470721694,0.2929007763122428,-0.3733958403815889,0.07993668687048135,-0.19641675022303717,0.16093736172552528,0.24177354967809792,0.07399007540541822,-0.027950063823506587,-0.10261942724999583,0.07715631508857915
-1.0163338066587224,-0.06298704550762607,0.28066060387461045,0.29320232553249814,-0.2946575584774903,-0.1858819768388246,0.036914602613803416,-0.4740470494987006,0.1594267438969618,-0.009766556002936124,-0.46647600575461834,-0.4227665434590724,0.3016234852638685
-0.12916421508582135,-0.7126863487034335,0.36709471498908663,-0.29051937093763824,-0.44759150790824753,-0.3438472182588688,-0.8534225937097514,0.08965998453890077,0.3536031054661311,-0.18925327997683666,0.24389045694751907,0.32757428188615645,-0.05486881253564935
-1.419635832758691,0.14838376934555667,0.5474680571378507,0.048476783038109504,-0.5299034365171336,0.6463725369650457,-0.34587851987673035,-0.02580981737274651,0.3221500232953047,-0.21723464474074705,-0.047527082330683826,0.03218476766188604,-0.061443920749645276
-1.1928380565074068,0.5389353293307786,-0.6876849904071575,0.5343205956899029,-0.2749000879774403,0.3551742126408067,0.2671019978486589,-0.24421295242438143,-0.048930214586101146,-0.11220740569534751,0.25473600526170254,-0.26395167194521646,-0.5597083540939032
0.6071508110454787,-0.7589059614430311,-0.5318676250008333,0.3811790078091229,0.34747889950759747,0.09307485734616838,-0.13657000096463986,0.7058146358027453,0.15991330926413966,-0.0608445788326563,0.08489163336968739,-0.28790786737410534,0.12682312147939162
-0.2512950123614883,-0.20403365653239228,-0.10496231845714268,0.6580308268310913,0.051890802757033574,0.015191757061897567,0.20228288124248414,-0.5582630163551542,0.565782533490384,-0.3467030924213313,-0.4166197775039157,0.08168676707744886,-0.2526793592562135
-0.12064684777561811,-1.35917520676234,-0.039713954736572195,-0.11251087719445821,0.24149881000165072,0.29910705593739245,0.17676183098539675,0.2833964145014473,0.03367241156172583,-0.07274467691127155,-0.2882545819194027,-0.644293407473649,0.07084749164899466
-1.1767913615286754,-0.09855909267136312,0.2188704720165884,-0.7966225908942107,-0.4521049567304031,0.6049975222089067,-0.34468287141173043,0.13048277517367124,0.9027577948579971,0.5536957136708974,0.25176908186100344,-0.07288626794003654,-0.196484743503696
-1.2737832832875167,-0.09423026564165432,-0.6366909080408666,-0.5395414617477781,-0.5828283017903303,0.13360847779742135,-0.05975654557927105,-0.06099961656582378,-0.20811281486026553,0.014833078064284425,0.1078294801552586,-0.511035862924258,-0.5248239956591833
-0.6055226562386263,-1.0884519930091878,-0.5096373727434463,-0.022152806279382195,0.3584757769147298,-0.8335506224413618,-0.13565281753750244,0.44153366820596474,-0.749940416555341,0.21612024646628306,0.3749781273983848,0.42462031546820883,-0.1844330679007454
-0.4727414851186614,0.49854089742491825,-0.47157730044030993,0.8438122986942145,-0.27021271379354667,-0.5822760604661468,-0.16533933983350899,-0.22268484327514756,-0.11360059156513248,-0.019081598054894296,0.5371201008842607,-0.23224218434543262,-0.06342921507127323
-0.9448120543906029,0.23852820752904846,-0.5572396579981199,0.7087919368910017,-0.14161109743825978,-0.22168190777331226,0.35484789974672104,-0.6698808368719158,0.10086561908153051,-0.22671915196518413,0.44922720460370313,-0.32391361319590056,-0.023563416072681368
0.7465746403335181,-0.5236104965692371,-0.5807453574771733,0.31572297028384366,-0.3722148729363859,0.025709664426052097,-0.12720753951264901,0.13143883024814348,0.2729545478206721,0.04185461302974236,0.01837610973813888,-0.07807558670296533,0.10741299891300415
-0.7996113815362755,0.6120563519361208,-0.4017048255167867,0.7441774625059482,0.4441538765440138,0.18047212635400192,-0.3050595638154484,0.9215295888874631,0.01837104751233455,-0.030362711643008772,-0.1396944836065988,-0.025776474667064973,-0.10441711291920051
-1.1402242403769207,-0.05444579604087862,-0.3804985939490947,-0.5849270572709984,-0.4992992985827144,0.29133364955708585,-0.21731520429766665,0.1009729852549565,0.2113960255790947,0.054338048030272965,-0.5839558773130867,-0.3433161142057388,-0.09109348807395079
0.05010889797973051,-0.4853518207272904,0.19436122885417456,-0.3480937365310938,-0.634234335215957,-0.9835915611276712,0.12141280185812968,0.4513920304406046,0.25071696641990915,-0.17813248691515346,-0.279889509921266,0.06447033392416834,-0.19203732211232422
0.26966935923988944,-0.5941069038397173,0.48324304369634286,0.666038360161739,-0.49585094369043503,0.04458563858240323,-0.24157541777230504,0.0702081786452106,-0.34988944116392895,0.3733414147395488,-0.37887175418309066,-0.26047427844043264,-0.09725631093114062
-1.0728814648809626,-1.4443582324149111,-0.07894315564685608,-0.3254808881429572,0.3220902649230356,-0.05470482574401837,-0.016475180157227223,0.09933735245998014,-0.25312500865420756,-0.21419653212477252,0.7549453237359552,0.4997444828210826,-0.05210960206643439
-0.07692710057590736,-1.2338438776165026,0.3654778682504707,-0.29024112495730336,-0.5980861897695455,0.5940164218724518,-0.16462378294602178,-0.21488106609055907,0.3593214078514572,-0.1841519760276326,0.21735266723789623,-0.16661248514252514,0.15570364218630828
-0.16515588576822796,-1.305532721154786,-0.2730710804308806,-0.18378548900202749,-0.44818533254245796,0.3249211664813896,0.36692112643172686,-0.22562977110422153,-0.2647616233968129,0.3224762539561053,-0.41566344124967336,0.293351017037808,0.3142400313231268
-1.2593839632944637,-0.610005352296838,-0.6909142031694296,-0.33675162891739036,-0.41457059240096233,-0.4365071024924345,0.2708161999714169,-0.4617643298855587,-0.48248237193106763,0.2643330166942574,0.28325901199021103,0.08756928856737804,0.33305110538226373
0.8670530747087888,-0.3857009796402599,-0.30011243716011815,0.1226775859690403,-0.6858469594247159,-0.18167836702454954,0.46188425008473033,0.6034051431391412,0.3672233924167166,-0.18282878713595402,0.03679456209902536,-0.048465549021869246,0.022892979771457305
-1.6531396382012968,-0.083289377241425,0.3701437293397471,0.05876210481951452,-0.4806869679695718,0.7093314321472713,-0.1364770768922475,0.03418612485399467,-0.12792641263969656,0.16727731647504845,-0.06295900583468043,0.718172329215046,0.27946487239707407
-0.6815212765827318,0.2458777562007649,-0.4734381477067424,0.9459293404632079,0.4718025090104363,-0.574494222115185,-0.10214375492261964,0.33439979504817136,-0.20975740861952313,-0.107239072375064,0.6590501839931183,-0.37908903443119135,0.052518807478825674
-0.7637460714213069,-1.2865437442945629,-0.24014158918143128,-0.2706268973813431,0.5251124090624875,-0.2515959785868705,0.20474778690556908,0.15835789589861093,-0.07336640938951804,-0.04138426301023797,-0.4082520308878179,0.3836776345306156,0.19252672741504426
-0.8752398678009543,0.04335633499548409,-0.22641750665443916,0.7198501187794584,0.6413104848929679,-0.018200555472191484,0.2665241972875714,0.041801743504049096,0.43765640573965664,-0.32497494353401263,-0.11503887365208976,-0.4298348031332333,0.4316285758481102
-1.0165428164517052,0.24803795305193468,-1.1744698938267555,-0.18292177937539134,-0.3578150660973553,0.24759047349318808,0.09603465039750546,-0.11555243090566635,0.1569525333220403,-0.19179611969254898,0.35166123257179294,-0.30368788472107694,-0.4598839160315276
0.17476067587991762,0.056917467700176784,-0.07552581685880048,0.8239040448836562,-0.05645187371924241,-0.3640674966286954,-0.25786437114287103,-0.11618457966165462,0.3247665998741362,-0.14241590611374835,-0.2671882344308994,0.2515579604831991,-0.27075418860026984
-0.7759004737893972,-1.2699326545789118,-0.27427422719613237,-0.26801358089922517,0.5274241796725103,-0.22074239727499187,0.2023658944593548,0.18009637376385138,-0.08591777152857025,-0.04677121726836528,-0.4255061533371523,0.4375210599450198,0.1783479498516317
-0.6255492696385514,0.8629281904685794,-0.38408826809066227,0.6535610727672594,-0.3130132440987473,0.06988450400255138,-0.3810517095604381,0.3214260492242186,0.2382904885082532,0.045484223984867865,-0.33785308068627407,0.08113644769335557,-0.13331610304224611
0.6205379573446266,-0.20794255468991643,-0.06374060698799078,0.9987992150920564,-0.303426162894201,0.20867106370393915,-0.04392519502983726,0.032520246900248864,0.046564077694763326,0.09701789495740933,-0.14414495571268007,-0.050866615629952774,-0.08971348833697346
0.7816941912938346,-0.5248708753282788,-0.5517371089128392,0.2855098966105872,-0.37895022891610064,0.10414815705219868,-0.1875427458608216,0.17022047430601814,0.22458033091761218,0.07438516643937808,-0.02013622830178412,-0.11322035172539477,0.05367304686856612
-1.249336799359267,0.07733695107511172,-1.4130585014532708,-0.16569630232707203,-0.31428144333510966,0.2885311200323605,0.3186046447838768,-0.06399263027700977,-0.16856677370036452,0.041031934492478966,0.3002421402327815,0.5365218225534067,-0.10400258876565795
0.017434419735001407,-0.6050291884200117,-0.043831898642699395,-0.22126656548466042,-0.34573135828655577,-0.6182924294760839,-0.5755903004143678,0.06144023051350166,0.11631441839354435,0.0689138837790801,-0.4023789623738283,-0.005164183206604265,-0.19707437628874533
-1.1160792054937876,-0.16783101631197983,0.7222836635964419,0.2000100118832217,-0.41669701662104114,0.11161303010868671,-0.25663253577558076,-0.4351204424821134,0.4193671439257963,-0.2643709756077266,0.1423461842085384,-0.1462287746991861,0.43645808401816855
-0.6123330599388377,-0.5816285159805564,-0.13197249496116414,0.6739165087375599,0.9956177073900098,-0.038027114795473466,0.686842829988557,-0.03935381804533914,0.6267090737520077,0.5226647019825916,-0.07560065570931893,0.6640453751580833,-0.014118668920748187
-0.47025703174087463,-0.8064317277450673,-0.8583921476119365,0.11553591445566411,0.6335096154143046,-0.2872324208769947,0.2694785746243359,-0.0532500641866794,0.21594279731120897,-0.48406263326409643,0.5011593226450713,-0.31444866727471327,-0.4593052213915228
